"bodyid","type","name","class","superclass","somaSide","consensusNt","predictedNt","receptorType","flywireType","mancType","hemibrainType"
10039,"VL2a_adPN","VL2a_adPN_R","ALPN","cb_intrinsic","R","acetylcholine","acetylcholine",NA,"VL2a_adPN",NA,"VL2a_adPN"
11722,"v2LN30","v2LN30_R","ALLN","cb_intrinsic","R","unclear","unclear",NA,"v2LN30",NA,"v2LN30"
147261,"ORN_VL2a","ORN_VL2a_R","olfactory","cb_sensory",NA,"acetylcholine","acetylcholine",NA,"ORN_VL2a",NA,"ORN_VL2a"
152840,"ORN_VL2a","ORN_VL2a_R","olfactory","cb_sensory",NA,"acetylcholine","acetylcholine",NA,"ORN_VL2a",NA,"ORN_VL2a"
284852,"ORN_VL2a","ORN_VL2a_R","olfactory","cb_sensory",NA,"acetylcholine","acetylcholine",NA,"ORN_VL2a",NA,"ORN_VL2a"
209237,"ORN_VL2a","ORN_VL2a_R","olfactory","cb_sensory",NA,"acetylcholine","acetylcholine",NA,"ORN_VL2a",NA,"ORN_VL2a"
223367,"ORN_VL2a","ORN_VL2a_R","olfactory","cb_sensory",NA,"acetylcholine","acetylcholine",NA,"ORN_VL2a",NA,"ORN_VL2a"
196930,"ORN_VL2a","ORN_VL2a_R","olfactory","cb_sensory",NA,"acetylcholine","acetylcholine",NA,"ORN_VL2a",NA,"ORN_VL2a"
178293,"ORN_VL2a","ORN_VL2a_R","olfactory","cb_sensory",NA,"acetylcholine","acetylcholine",NA,"ORN_VL2a",NA,"ORN_VL2a"
67052,"lLN2T_b","lLN2T_b(Tortuous)_R","ALLN","cb_intrinsic","R","acetylcholine","gaba",NA,"lLN2T_b",NA,"lLN2T_b"
213739,"ORN_VL2a","ORN_VL2a_R","olfactory","cb_sensory",NA,"acetylcholine","acetylcholine",NA,"ORN_VL2a",NA,"ORN_VL2a"
530777,"lLN2X04","lLN2X04_R","ALLN","cb_intrinsic","R","acetylcholine","acetylcholine",NA,"lLN2X04",NA,NA
175652,"ORN_VL2a","ORN_VL2a_R","olfactory","cb_sensory",NA,"acetylcholine","acetylcholine",NA,"ORN_VL2a",NA,"ORN_VL2a"
180333,"ORN_VL2a","ORN_VL2a_R","olfactory","cb_sensory",NA,"acetylcholine","acetylcholine",NA,"ORN_VL2a",NA,"ORN_VL2a"
125324,"ORN_VL2a","ORN_VL2a_R","olfactory","cb_sensory",NA,"acetylcholine","acetylcholine",NA,"ORN_VL2a",NA,"ORN_VL2a"
179507,"ORN_VL2a","ORN_VL2a_R","olfactory","cb_sensory",NA,"acetylcholine","acetylcholine",NA,"ORN_VL2a",NA,"ORN_VL2a"
167653,"ORN_VL2a","ORN_VL2a_R","olfactory","cb_sensory",NA,"acetylcholine","acetylcholine",NA,"ORN_VL2a",NA,"ORN_VL2a"
165072,"ORN_VL2a","ORN_VL2a_R","olfactory","cb_sensory",NA,"acetylcholine","acetylcholine",NA,"ORN_VL2a",NA,"ORN_VL2a"
10169,"lLN2F_b","lLN2F_b(Full)_R","ALLN","cb_intrinsic","R","gaba","gaba",NA,"lLN2F_b",NA,"lLN2F_b"
283011,"ORN_VL2a","ORN_VL2a_R","olfactory","cb_sensory",NA,"acetylcholine","acetylcholine",NA,"ORN_VL2a",NA,"ORN_VL2a"
188158,"ORN_VL2a","ORN_VL2a_R","olfactory","cb_sensory",NA,"acetylcholine","acetylcholine",NA,"ORN_VL2a",NA,"ORN_VL2a"
172699,"ORN_VL2a","ORN_VL2a_R","olfactory","cb_sensory",NA,"acetylcholine","acetylcholine",NA,"ORN_VL2a",NA,"ORN_VL2a"
164962,"ORN_VL2a","ORN_VL2a_R","olfactory","cb_sensory",NA,"acetylcholine","acetylcholine",NA,"ORN_VL2a",NA,"ORN_VL2a"
204265,"ORN_VL2a","ORN_VL2a_R","olfactory","cb_sensory",NA,"acetylcholine","acetylcholine",NA,"ORN_VL2a",NA,"ORN_VL2a"
12354,"lLN2T_e","lLN2T_e(Tortuous)_R","ALLN","cb_intrinsic","R","acetylcholine","acetylcholine",NA,"lLN2T_e",NA,"lLN2T_e"
583601,"ORN_VL2a","ORN_VL2a_R","olfactory","cb_sensory",NA,"acetylcholine","acetylcholine",NA,"ORN_VL2a",NA,"ORN_VL2a"
167898,"ORN_VL2a","ORN_VL2a_R","olfactory","cb_sensory",NA,"acetylcholine","acetylcholine",NA,"ORN_VL2a",NA,"ORN_VL2a"
176575,"ORN_VL2a","ORN_VL2a_R","olfactory","cb_sensory",NA,"acetylcholine","acetylcholine",NA,"ORN_VL2a",NA,"ORN_VL2a"
172754,"ORN_VL2a","ORN_VL2a_R","olfactory","cb_sensory",NA,"acetylcholine","acetylcholine",NA,"ORN_VL2a",NA,"ORN_VL2a"
100766,"ORN_VL2a","ORN_VL2a_R","olfactory","cb_sensory",NA,"acetylcholine","acetylcholine",NA,"ORN_VL2a",NA,"ORN_VL2a"
174920,"ORN_VL2a","ORN_VL2a_R","olfactory","cb_sensory",NA,"acetylcholine","acetylcholine",NA,"ORN_VL2a",NA,"ORN_VL2a"
21567,"lLN2P_c","lLN2P_c_R","ALLN","cb_intrinsic","R","gaba","gaba",NA,"lLN2P_c",NA,"lLN2P_c"
226818,"ORN_VL2a","ORN_VL2a_R","olfactory","cb_sensory",NA,"acetylcholine","acetylcholine",NA,"ORN_VL2a",NA,"ORN_VL2a"
174595,"ORN_VL2a","ORN_VL2a_R","olfactory","cb_sensory",NA,"acetylcholine","acetylcholine",NA,"ORN_VL2a",NA,"ORN_VL2a"
170747,"ORN_VL2a","ORN_VL2a_R","olfactory","cb_sensory",NA,"acetylcholine","acetylcholine",NA,"ORN_VL2a",NA,"ORN_VL2a"
125525,"ORN_VL2a","ORN_VL2a_R","olfactory","cb_sensory",NA,"acetylcholine","acetylcholine",NA,"ORN_VL2a",NA,"ORN_VL2a"
196818,"ORN_VL2a","ORN_VL2a_R","olfactory","cb_sensory",NA,"acetylcholine","acetylcholine",NA,"ORN_VL2a",NA,"ORN_VL2a"
259549170,"ORN_VL2a","ORN_VL2a_R","olfactory","cb_sensory",NA,"acetylcholine","acetylcholine",NA,"ORN_VL2a",NA,"ORN_VL2a"
383372,"ORN_VL2a","ORN_VL2a_R","olfactory","cb_sensory",NA,"acetylcholine","acetylcholine",NA,"ORN_VL2a",NA,"ORN_VL2a"
334671,"ORN_VL2a","ORN_VL2a_R","olfactory","cb_sensory",NA,"acetylcholine","acetylcholine",NA,"ORN_VL2a",NA,"ORN_VL2a"
213631,"ORN_VL2a","ORN_VL2a_R","olfactory","cb_sensory",NA,"acetylcholine","acetylcholine",NA,"ORN_VL2a",NA,"ORN_VL2a"
193476,"ORN_VL2a","ORN_VL2a_R","olfactory","cb_sensory",NA,"acetylcholine","acetylcholine",NA,"ORN_VL2a",NA,"ORN_VL2a"
272314,"ORN_VL2a","ORN_VL2a_R","olfactory","cb_sensory",NA,"acetylcholine","acetylcholine",NA,"ORN_VL2a",NA,"ORN_VL2a"
202796,"ORN_VL2a","ORN_VL2a_R","olfactory","cb_sensory",NA,"acetylcholine","acetylcholine",NA,"ORN_VL2a",NA,"ORN_VL2a"
220234,"ORN_VL2a","ORN_VL2a_R","olfactory","cb_sensory",NA,"acetylcholine","acetylcholine",NA,"ORN_VL2a",NA,"ORN_VL2a"
56072,"CB1432","CB1432_R",NA,"cb_intrinsic","R","gaba","gaba",NA,"CB1432",NA,"LHAV4a3_a"
286635,"ORN_VL2a","ORN_VL2a_R","olfactory","cb_sensory",NA,"acetylcholine","acetylcholine",NA,"ORN_VL2a",NA,"ORN_VL2a"
10650,"lLN2T_c","lLN2T_c(Tortuous)_R","ALLN","cb_intrinsic","R","acetylcholine","acetylcholine",NA,"lLN2T_c",NA,"lLN2T_c"
381614,"ORN_VL2a","ORN_VL2a_R","olfactory","cb_sensory",NA,"acetylcholine","acetylcholine",NA,"ORN_VL2a",NA,"ORN_VL2a"
297530,"ORN_VL2a","ORN_VL2a_R","olfactory","cb_sensory",NA,"acetylcholine","acetylcholine",NA,"ORN_VL2a",NA,"ORN_VL2a"
520002,"lLN1_bc","lLN1_bc_R","ALLN","cb_intrinsic","R","acetylcholine","acetylcholine",NA,"lLN1_bc",NA,"lLN1_b,lLN1_c"
21267,"lLN2R_a","lLN2R_a_R","ALLN","cb_intrinsic","R","gaba","gaba",NA,"lLN2X06,lLN2X07",NA,"lLN2R_a"
12320,"lLN2X11","lLN2X11_R","ALLN","cb_intrinsic","R","acetylcholine","unclear",NA,"lLN2X11",NA,NA
10929,"lLN2T_a","lLN2T_a(Tortuous)_R","ALLN","cb_intrinsic","R","acetylcholine","acetylcholine",NA,"lLN2X03",NA,"lLN2T_a"
28525,"lLN2P_b","lLN2P_b_R","ALLN","cb_intrinsic","R","gaba","gaba",NA,"lLN2P_b",NA,"lLN2P_b"
10254,"lLN2F_a","lLN2F_a(Full)_R","ALLN","cb_intrinsic","R","unclear","gaba",NA,"lLN2F_a",NA,"lLN2F_a"
232221,"ORN_VL2a","ORN_VL2a_R","olfactory","cb_sensory",NA,"acetylcholine","acetylcholine",NA,"ORN_VL2a",NA,"ORN_VL2a"
43785,"CB1432","CB1432_R",NA,"cb_intrinsic","R","gaba","gaba",NA,"CB1432",NA,"LHAV4a3_a"
421015,"ORN_VL2a","ORN_VL2a_R","olfactory","cb_sensory",NA,"acetylcholine","acetylcholine",NA,"ORN_VL2a",NA,"ORN_VL2a"
10942,"lLN2T_a","lLN2T_a(Tortuous)_R","ALLN","cb_intrinsic","R","acetylcholine","acetylcholine",NA,"lLN2X03",NA,"lLN2T_a"
10515,"lLN2F_b","lLN2F_b(Full)_R","ALLN","cb_intrinsic","R","gaba","gaba",NA,"lLN2F_b",NA,"lLN2F_b"
10140,"lLN1_bc","lLN1_bc_R","ALLN","cb_intrinsic","R","acetylcholine","acetylcholine",NA,"lLN1_bc",NA,"lLN1_b,lLN1_c"
10540,"APL","APL_R",NA,"cb_intrinsic","R","gaba","gaba",NA,"APL",NA,"APL"
11501,"lLN1_bc","lLN1_bc_R","ALLN","cb_intrinsic","R","acetylcholine","acetylcholine",NA,"lLN1_bc",NA,"lLN1_b,lLN1_c"
195421,"ORN_VL2a","ORN_VL2a_L","olfactory","cb_sensory",NA,"acetylcholine","acetylcholine",NA,"ORN_VL2a",NA,"ORN_VL2a"
38916,"CB1432","CB1432_R",NA,"cb_intrinsic","R","gaba","gaba",NA,"CB1432",NA,"LHAV4a3_a"
11788,"lLN2T_d","lLN2T_d(Tortuous)_R","ALLN","cb_intrinsic","R","unclear","gaba",NA,"lLN2T_d",NA,"lLN2T_d"
11478,"lLN1_bc","lLN1_bc_R","ALLN","cb_intrinsic","R","acetylcholine","acetylcholine",NA,"lLN1_bc",NA,"lLN1_b,lLN1_c"
11345,"lLN2X11","lLN2X11_R","ALLN","cb_intrinsic","R","acetylcholine","acetylcholine",NA,"lLN2X11",NA,NA
10456,"lLN2F_a","lLN2F_a(Full)_R","ALLN","cb_intrinsic","R","unclear","gaba",NA,"lLN2F_a",NA,"lLN2F_a"
219187,"ORN_VL2a","ORN_VL2a_R","olfactory","cb_sensory",NA,"acetylcholine","acetylcholine",NA,"ORN_VL2a",NA,"ORN_VL2a"
15183,NA,NA,"ALLN","cb_intrinsic","R","unclear","unclear",NA,"lLN2X12",NA,NA
11379,"lLN2T_e","lLN2T_e(Tortuous)_R","ALLN","cb_intrinsic","R","acetylcholine","acetylcholine",NA,"lLN2T_e",NA,"lLN2T_e"
27416,"lLN2P_b","lLN2P_b_R","ALLN","cb_intrinsic","R","gaba","gaba",NA,"lLN2P_b",NA,"lLN2P_b"
15507,"lLN2R_a","lLN2R_a_R","ALLN","cb_intrinsic","R","gaba","gaba",NA,"lLN2X06,lLN2X07",NA,"lLN2R_a"
242993,"ORN_VL2a","ORN_VL2a_R","olfactory","cb_sensory",NA,"acetylcholine","acetylcholine",NA,"ORN_VL2a",NA,"ORN_VL2a"
11736,"lLN1_bc","lLN1_bc_R","ALLN","cb_intrinsic","R","acetylcholine","acetylcholine",NA,"lLN1_bc",NA,"lLN1_b,lLN1_c"
524238,"lLN1_bc","lLN1_bc_R","ALLN","cb_intrinsic","R","acetylcholine","acetylcholine",NA,"lLN1_bc",NA,"lLN1_b,lLN1_c"
27614,"lLN2P_b","lLN2P_b_R","ALLN","cb_intrinsic","R","gaba","gaba",NA,"lLN2P_b",NA,"lLN2P_b"
11744,"lLN1_bc","lLN1_bc_R","ALLN","cb_intrinsic","R","acetylcholine","acetylcholine",NA,"lLN1_bc",NA,"lLN1_b,lLN1_c"
523591,"il3LN6","il3LN6_L","ALLN","cb_intrinsic","L","gaba","gaba",NA,"il3LN6",NA,"il3LN6"
11993,"lLN2X05","lLN2X05_R","ALLN","cb_intrinsic","R","acetylcholine","acetylcholine",NA,"lLN2X05",NA,"lLN2T_a"
11725,"lLN1_bc","lLN1_bc_R","ALLN","cb_intrinsic","R","acetylcholine","acetylcholine",NA,"lLN1_bc",NA,"lLN1_b,lLN1_c"
201164,"ORN_VL2a","ORN_VL2a_L","olfactory","cb_sensory",NA,"acetylcholine","acetylcholine",NA,"ORN_VL2a",NA,"ORN_VL2a"
11914,"lLN2X05","lLN2X05_R","ALLN","cb_intrinsic","R","acetylcholine","acetylcholine",NA,"lLN2X05",NA,"lLN2T_a"
11281,"lLN1_bc","lLN1_bc_R","ALLN","cb_intrinsic","R","acetylcholine","acetylcholine",NA,"lLN1_bc",NA,"lLN1_b,lLN1_c"
276800,"ORN_VL2a","ORN_VL2a_R","olfactory","cb_sensory",NA,"acetylcholine","acetylcholine",NA,"ORN_VL2a",NA,"ORN_VL2a"
11620,"lLN1_bc","lLN1_bc_R","ALLN","cb_intrinsic","R","acetylcholine","acetylcholine",NA,"lLN1_bc",NA,"lLN1_b,lLN1_c"
11289,"lLN1_bc","lLN1_bc_R","ALLN","cb_intrinsic","R","acetylcholine","acetylcholine",NA,"lLN1_bc",NA,"lLN1_b,lLN1_c"
227075,"ORN_VL2a","ORN_VL2a_L","olfactory","cb_sensory",NA,"acetylcholine","acetylcholine",NA,"ORN_VL2a",NA,"ORN_VL2a"
178936,"ORN_VL2a","ORN_VL2a_L","olfactory","cb_sensory",NA,"acetylcholine","acetylcholine",NA,"ORN_VL2a",NA,"ORN_VL2a"
160961,"ORN_VL2a","ORN_VL2a_L","olfactory","cb_sensory",NA,"acetylcholine","acetylcholine",NA,"ORN_VL2a",NA,"ORN_VL2a"
11992,"lLN1_a","lLN1_a_R","ALLN","cb_intrinsic","R","acetylcholine","acetylcholine",NA,"lLN1_a",NA,"lLN1_a"
11922,"lLN1_bc","lLN1_bc_R","ALLN","cb_intrinsic","R","acetylcholine","acetylcholine",NA,"lLN1_bc",NA,"lLN1_b,lLN1_c"
215146,"ORN_VL2a","ORN_VL2a_R","olfactory","cb_sensory",NA,"acetylcholine","acetylcholine",NA,"ORN_VL2a",NA,"ORN_VL2a"
195524,"ORN_VL2a","ORN_VL2a_L","olfactory","cb_sensory",NA,"acetylcholine","acetylcholine",NA,"ORN_VL2a",NA,"ORN_VL2a"
152651,"ORN_VL2a","ORN_VL2a_L","olfactory","cb_sensory",NA,"acetylcholine","acetylcholine",NA,"ORN_VL2a",NA,"ORN_VL2a"
23854,"lLN2P_a","lLN2P_a_R","ALLN","cb_intrinsic","R","gaba","gaba",NA,"lLN2P_a",NA,"lLN2P_a"
731690205,"ORN_VL2a","ORN_VL2a_L","olfactory","cb_sensory",NA,"acetylcholine","unclear",NA,"ORN_VL2a",NA,"ORN_VL2a"
11828,"lLN1_bc","lLN1_bc_R","ALLN","cb_intrinsic","R","acetylcholine","acetylcholine",NA,"lLN1_bc",NA,"lLN1_b,lLN1_c"
267437,"lLN2P_c","lLN2P_c_R","ALLN","cb_intrinsic","R","gaba","gaba",NA,"lLN2P_c",NA,"lLN2P_c"
247362,"ORN_VL2a","ORN_VL2a_unknown","olfactory","cb_sensory",NA,"acetylcholine","acetylcholine",NA,"ORN_VL2a",NA,"ORN_VL2a"
217817,"ORN_VL2a","ORN_VL2a_unknown","olfactory","cb_sensory",NA,"acetylcholine","acetylcholine",NA,"ORN_VL2a",NA,"ORN_VL2a"
214109,"ORN_VL2a","ORN_VL2a_unknown","olfactory","cb_sensory",NA,"acetylcholine","acetylcholine",NA,"ORN_VL2a",NA,"ORN_VL2a"
49910,"CB2764","CB2764_R",NA,"cb_intrinsic","R","gaba","gaba",NA,"CB2764",NA,"LHAV4a3_a"
11244,"lLN1_bc","lLN1_bc_R","ALLN","cb_intrinsic","R","acetylcholine","acetylcholine",NA,"lLN1_bc",NA,"lLN1_b,lLN1_c"
138786,"ORN_VL2a","ORN_VL2a_L","olfactory","cb_sensory",NA,"acetylcholine","acetylcholine",NA,"ORN_VL2a",NA,"ORN_VL2a"
13821,"lLN2X12","lLN2X12_R","ALLN","cb_intrinsic","R","acetylcholine","unclear",NA,"lLN2X12",NA,NA
12111,"lLN1_bc","lLN1_bc_R","ALLN","cb_intrinsic","R","acetylcholine","acetylcholine",NA,"lLN1_bc",NA,"lLN1_b,lLN1_c"
521290,"lLN2X02","lLN2X02_R","ALLN","cb_intrinsic","R","gaba","gaba",NA,"lLN2X02",NA,NA
343998,"ORN_VL2a","ORN_VL2a_L","olfactory","cb_sensory",NA,"acetylcholine","acetylcholine",NA,"ORN_VL2a",NA,"ORN_VL2a"
247232,"lLN2X12","lLN2X12_R","ALLN","cb_intrinsic","R","acetylcholine","acetylcholine",NA,"lLN2X12",NA,NA
217665,NA,NA,NA,NA,NA,"unclear","unclear",NA,NA,NA,NA
189921,"ORN_VL2a","ORN_VL2a_L","olfactory","cb_sensory",NA,"acetylcholine","acetylcholine",NA,"ORN_VL2a",NA,"ORN_VL2a"
12534,"lLN2X02","lLN2X02_R","ALLN","cb_intrinsic","R","gaba","gaba",NA,"lLN2X02",NA,NA
10473,"il3LN6","il3LN6_R","ALLN","cb_intrinsic","R","gaba","gaba",NA,"il3LN6",NA,"il3LN6"
571002,"ORN_VL2a","ORN_VL2a_L","olfactory","cb_sensory",NA,"acetylcholine","acetylcholine",NA,"ORN_VL2a",NA,"ORN_VL2a"
162905,"ORN_VL2a","ORN_VL2a_L","olfactory","cb_sensory",NA,"acetylcholine","acetylcholine",NA,"ORN_VL2a",NA,"ORN_VL2a"
26766,"M_vPNml65","M_vPNml65_R","ALPN","cb_intrinsic","R","gaba","gaba",NA,"M_vPNml65",NA,"M_vPNml65"
10209,"LHPV12a1","LHPV12a1_R",NA,"cb_intrinsic","R","gaba","gaba",NA,"LHPV12a1",NA,"LHPV12a1"
521158,"lLN2X12","lLN2X12_R","ALLN","cb_intrinsic","R","acetylcholine","unclear",NA,"lLN2X12",NA,NA
519242,"lLN2T_d","lLN2T_d(Tortuous)_R","ALLN","cb_intrinsic","R","unclear","unclear",NA,"lLN2T_d",NA,"lLN2T_d"
24828,"lLN2P_b","lLN2P_b_R","ALLN","cb_intrinsic","R","gaba","gaba",NA,"lLN2P_b",NA,"lLN2P_b"
11342,"lLN2X04","lLN2X04_R","ALLN","cb_intrinsic","R","acetylcholine","unclear",NA,"lLN2X04",NA,NA
258241,"ORN_VL2a","ORN_VL2a_R","olfactory","cb_sensory",NA,"acetylcholine","acetylcholine",NA,"ORN_VL2a",NA,"ORN_VL2a"
259761,"ORN_VL2a","ORN_VL2a_unknown","olfactory","cb_sensory",NA,"acetylcholine","unclear",NA,"ORN_VL2a",NA,"ORN_VL2a"
12896,"OA-VUMa5","OA-VUMa5_M","ALLN","cb_intrinsic","M","octopamine","octopamine",NA,"OA-VUMa5",NA,"OA-VUMa5"
524208,"lLN2X12","lLN2X12_R","ALLN","cb_intrinsic","R","acetylcholine","unclear",NA,"lLN2X12",NA,NA
276636,"ORN_VL2a","ORN_VL2a_unknown","olfactory","cb_sensory",NA,"acetylcholine","acetylcholine",NA,"ORN_VL2a",NA,"ORN_VL2a"
16921,"M_l2PNm15","M_l2PNm15_R","ALPN","cb_intrinsic","R","acetylcholine","acetylcholine",NA,"M_l2PNm15",NA,"M_l2PNm15"
10201,"lLN2T_c","lLN2T_c(Tortuous)_R","ALLN","cb_intrinsic","R","acetylcholine","acetylcholine",NA,"lLN2T_c",NA,"lLN2T_c"
555817,"ORN_VL2a","ORN_VL2a_L","olfactory","cb_sensory",NA,"acetylcholine","acetylcholine",NA,"ORN_VL2a",NA,"ORN_VL2a"
521222,"GNG021","GNG021_R",NA,"cb_intrinsic","R","acetylcholine","acetylcholine",NA,"CB0923",NA,NA
192978,"lLN2X12","lLN2X12_R","ALLN","cb_intrinsic","R","acetylcholine","acetylcholine",NA,"lLN2X12",NA,NA
150217,"ORN_VL2a","ORN_VL2a_L","olfactory","cb_sensory",NA,"acetylcholine","acetylcholine",NA,"ORN_VL2a",NA,"ORN_VL2a"
943260,"ORN_VL2a","ORN_VL2a_L","olfactory","cb_sensory",NA,"acetylcholine","acetylcholine",NA,"ORN_VL2a",NA,"ORN_VL2a"
529602,"ALIN5","ALIN5_L","ALIN","cb_intrinsic","L","gaba","gaba",NA,"ALIN5",NA,NA
237915,"ORN_VL2a","ORN_VL2a_L","olfactory","cb_sensory",NA,"acetylcholine","acetylcholine",NA,"ORN_VL2a",NA,"ORN_VL2a"
299852,"ORN_VL2a","ORN_VL2a_unknown","olfactory","cb_sensory",NA,"acetylcholine","acetylcholine",NA,"ORN_VL2a",NA,"ORN_VL2a"
235895,"ORN_VL2a","ORN_VL2a_unknown","olfactory","cb_sensory",NA,"acetylcholine","unclear",NA,"ORN_VL2a",NA,"ORN_VL2a"
38805,"CB2861","CB2861_R",NA,"cb_intrinsic","R","unclear","unclear",NA,"CB2861",NA,"LHAV4a3_a"
13315,"lLN2P_b","lLN2P_b_R","ALLN","cb_intrinsic","R","gaba","gaba",NA,"lLN2P_b",NA,"lLN2P_b"
13232,"ALIN7","ALIN7_L","ALIN","cb_intrinsic","L","gaba","gaba",NA,"ALIN7",NA,NA
260859,"ORN_VL2a","ORN_VL2a_unknown","olfactory","cb_sensory",NA,"acetylcholine","unclear",NA,"ORN_VL2a",NA,"ORN_VL2a"
231573,"ORN_VL2a","ORN_VL2a_unknown","olfactory","cb_sensory",NA,"acetylcholine","acetylcholine",NA,"ORN_VL2a",NA,"ORN_VL2a"
30806,"CB2831","CB2831_R",NA,"cb_intrinsic","R","gaba","gaba",NA,"CB2831",NA,NA
564824,"lLN2R_a","lLN2R_a_R","ALLN","cb_intrinsic","R","gaba","gaba",NA,"lLN2X06,lLN2X07",NA,"lLN2R_a"
258608,"ORN_VL2a","ORN_VL2a_unknown","olfactory","cb_sensory",NA,"acetylcholine","unclear",NA,"ORN_VL2a",NA,"ORN_VL2a"
243394,"ORN_VL2a","ORN_VL2a_unknown","olfactory","cb_sensory",NA,"acetylcholine","unclear",NA,"ORN_VL2a",NA,"ORN_VL2a"
17371,"M_vPNml65","M_vPNml65_R","ALPN","cb_intrinsic","R","gaba","gaba",NA,"M_vPNml65",NA,"M_vPNml65"
13944,"lLN2X02","lLN2X02_R","ALLN","cb_intrinsic","R","gaba","gaba",NA,"lLN2X02",NA,NA
12511,"LN60","LN60_R","ALLN","cb_intrinsic","R","gaba","unclear",NA,"LN60a,LN60b",NA,NA
11123,"ALBN1","ALBN1_R","ALLN","cb_intrinsic","R","unclear","glutamate",NA,"ALBN1",NA,"ALBN1"
265512,"ORN_VL2a","ORN_VL2a_unknown","olfactory","cb_sensory",NA,"acetylcholine","unclear",NA,"ORN_VL2a",NA,"ORN_VL2a"
250880,"ORN_VL2a","ORN_VL2a_unknown","olfactory","cb_sensory",NA,"acetylcholine","unclear",NA,"ORN_VL2a",NA,"ORN_VL2a"
233711,"ORN_VL2a","ORN_VL2a_unknown","olfactory","cb_sensory",NA,"acetylcholine","acetylcholine",NA,"ORN_VL2a",NA,"ORN_VL2a"
18909,"lLN8","lLN8_R","ALLN","cb_intrinsic","R","gaba","gaba",NA,"lLN8",NA,"lLN8"
13716,NA,NA,"ALLN","cb_intrinsic","R","unclear","unclear",NA,"lLN2X12",NA,NA
12541,"LN60","LN60_R","ALLN","cb_intrinsic","R","gaba","gaba",NA,"LN60a,LN60b",NA,NA
230251,"ORN_VL2a","ORN_VL2a_unknown","olfactory","cb_sensory",NA,"acetylcholine","unclear",NA,"ORN_VL2a",NA,"ORN_VL2a"
219962,"ORN_VL2a","ORN_VL2a_unknown","olfactory","cb_sensory",NA,"acetylcholine","unclear",NA,"ORN_VL2a",NA,"ORN_VL2a"
68850,"lLN8","lLN8_L","ALLN","cb_intrinsic","L","gaba","gaba",NA,"lLN8",NA,"lLN8"
22665,"M_vPNml63","M_vPNml63_R","ALPN","cb_intrinsic","R","gaba","gaba",NA,"M_vPNml63",NA,"M_vPNml63"
13906,"M_vPNml63","M_vPNml63_R","ALPN","cb_intrinsic","R","gaba","gaba",NA,"M_vPNml63",NA,"M_vPNml63"
11608,"OA-VUMa2","OA-VUMa2_M",NA,"cb_intrinsic","M","octopamine","octopamine",NA,"OA-VUMa2",NA,"OA-VUMa2"
258881,"ORN_VL2a","ORN_VL2a_unknown","olfactory","cb_sensory",NA,"acetylcholine","acetylcholine",NA,"ORN_VL2a",NA,"ORN_VL2a"
270384,"ORN_VL2a","ORN_VL2a_L","olfactory","cb_sensory",NA,"acetylcholine","acetylcholine",NA,"ORN_VL2a",NA,"ORN_VL2a"
226223,"ORN_VL2a","ORN_VL2a_R","olfactory","cb_sensory",NA,"acetylcholine","unclear",NA,"ORN_VL2a",NA,"ORN_VL2a"
10647,"lLN8","lLN8_R","ALLN","cb_intrinsic","R","gaba","gaba",NA,"lLN8",NA,"lLN8"
16511,"lLN8","lLN8_L","ALLN","cb_intrinsic","L","gaba","gaba",NA,"lLN8",NA,"lLN8"
13386,"VM7v_adPN","VM7v_adPN_R","ALPN","cb_intrinsic","R","acetylcholine","acetylcholine",NA,"VM7v_adPN",NA,"VM7v_adPN"
298264,"ORN_VL2a","ORN_VL2a_unknown","olfactory","cb_sensory",NA,"acetylcholine","unclear",NA,"ORN_VL2a",NA,"ORN_VL2a"
281674,"ORN_VL2a","ORN_VL2a_unknown","olfactory","cb_sensory",NA,"acetylcholine","unclear",NA,"ORN_VL2a",NA,"ORN_VL2a"
249537,"ORN_VL2a","ORN_VL2a_unknown","olfactory","cb_sensory",NA,"acetylcholine","unclear",NA,"ORN_VL2a",NA,"ORN_VL2a"
57772,"MB-C1","MB-C1_R",NA,"cb_intrinsic","R","gaba","gaba",NA,"MB-C1",NA,"MB-C1"
28588,"LHAV4g12","LHAV4g12_R",NA,"cb_intrinsic","R","gaba","gaba",NA,"CB1943",NA,"LHAV4g12"
18994,NA,NA,"ALLN","cb_intrinsic","R","acetylcholine","acetylcholine",NA,"lLN2X09,lLN2X10",NA,NA
17107,NA,NA,"ALLN","cb_intrinsic","R","acetylcholine","acetylcholine",NA,"lLN2X09,lLN2X10",NA,NA
16437,"M_vPNml63","M_vPNml63_R","ALPN","cb_intrinsic","R","gaba","gaba",NA,"M_vPNml63",NA,"M_vPNml63"
16422,"LHAV4a2","LHAV4a2_R",NA,"cb_intrinsic","R","gaba","gaba",NA,"LHAV4a2",NA,"LHAV4a2"
286648251,"ORN_VL2a","ORN_VL2a_L","olfactory","cb_sensory",NA,"acetylcholine","acetylcholine",NA,"ORN_VL2a",NA,"ORN_VL2a"
525026,"v2LN3A1_b","v2LN3A1_b_R","ALLN","cb_intrinsic","R","acetylcholine","acetylcholine",NA,"v2LN3A1_b",NA,NA
521399,"ORN_VA6","ORN_VA6_R","olfactory","cb_sensory",NA,"acetylcholine","acetylcholine",NA,"ORN_VA6",NA,"ORN_VA6"
18332,"v2LN3A","v2LN3A_R","ALLN","cb_intrinsic","R","unclear","acetylcholine",NA,"CB1676",NA,"v2LN3A"
11603,"lLN2P_a","lLN2P_a_R","ALLN","cb_intrinsic","R","gaba","gaba",NA,"lLN2P_a",NA,"lLN2P_a"
130279,"lLN2P_b","lLN2P_b_R","ALLN","cb_intrinsic","R","gaba","gaba",NA,"lLN2P_b",NA,"lLN2P_b"
32165,"CB2831","CB2831_R",NA,"cb_intrinsic","R","gaba","gaba",NA,"CB2831",NA,NA
19828,"v2LN37","v2LN37_R","ALON","cb_intrinsic","R","glutamate","glutamate",NA,"v2LN37",NA,"v2LN37"
10378,"AL-MBDL1","AL-MBDL1_R","ALIN","cb_intrinsic","R","acetylcholine","acetylcholine",NA,"AL-MBDL1",NA,"AL-MBDL1"
915827,"ORN_VL2a","ORN_VL2a_R","olfactory","cb_sensory",NA,"acetylcholine","unclear",NA,"ORN_VL2a",NA,"ORN_VL2a"
201843,"ORN_VA6","ORN_VA6_R","olfactory","cb_sensory",NA,"acetylcholine","acetylcholine",NA,"ORN_VA6",NA,"ORN_VA6"
43546,"CB2678","CB2678_R",NA,"cb_intrinsic","R","gaba","gaba",NA,"CB2678",NA,NA
26497,"CB2107","CB2107_R",NA,"cb_intrinsic","R","gaba","gaba",NA,"CB2107",NA,NA
18637,"LHAV2m1","LHAV2m1_R",NA,"cb_intrinsic","R","gaba","gaba",NA,"LHAV2m1",NA,"LHAV2m1"
566569,"ORN_VA6","ORN_VA6_R","olfactory","cb_sensory",NA,"acetylcholine","acetylcholine",NA,"ORN_VA6",NA,"ORN_VA6"
513911,"vLN24","vLN24_R","ALLN","cb_intrinsic","R","acetylcholine","acetylcholine",NA,"CB1266",NA,"vLN24"
226057,NA,NA,NA,NA,NA,"unclear","unclear",NA,NA,NA,NA
42074,"LHPV4g1","LHPV4g1_R",NA,"cb_intrinsic","R","glutamate","glutamate",NA,"LHPV4g1",NA,"LHPV4g1"
25963,"LHAV4g13","LHAV4g13_R",NA,"cb_intrinsic","R","gaba","gaba",NA,"CB1943",NA,"LHAV4g13"
16460,"lLN2T_b","lLN2T_b(Tortuous)_R","ALLN","cb_intrinsic","R","acetylcholine","gaba",NA,"lLN2T_b",NA,"lLN2T_b"
918582,"lLN2P_a","lLN2P_a_R","ALLN","cb_intrinsic","R","gaba","gaba",NA,"lLN2P_a",NA,"lLN2P_a"
521581,"v2LN36","v2LN36_R","ALLN","cb_intrinsic","R","glutamate","unclear",NA,"v2LN36",NA,"v2LN36"
194754,NA,NA,NA,NA,NA,"unclear","unclear",NA,NA,NA,NA
29861,"LHPV4a9","LHPV4a9_R",NA,"cb_intrinsic","R","glutamate","glutamate",NA,"LHPV4a9",NA,"LHPV4a9"
18854,"LHAV2m1","LHAV2m1_R",NA,"cb_intrinsic","R","gaba","gaba",NA,"LHAV2m1",NA,"LHAV2m1"
13621,NA,NA,"ALLN","cb_intrinsic","R","acetylcholine","acetylcholine",NA,"lLN2X09,lLN2X10",NA,NA
255895,"ORN_VL2a","ORN_VL2a_unknown","olfactory","cb_sensory",NA,"acetylcholine","unclear",NA,"ORN_VL2a",NA,"ORN_VL2a"
231412,"v2LN3A1_b","v2LN3A1_b_R","ALLN","cb_intrinsic","R","acetylcholine","unclear",NA,"v2LN3A1_b",NA,NA
211611,"ORN_VA6","ORN_VA6_R","olfactory","cb_sensory",NA,"acetylcholine","acetylcholine",NA,"ORN_VA6",NA,"ORN_VA6"
124594,"LHAV7a3","LHAV7a3_R",NA,"cb_intrinsic","R","glutamate","glutamate",NA,"LHAV7a3",NA,"LHAV7a3"
63981,"LHPV4i1","LHPV4i1_R",NA,"cb_intrinsic","R","glutamate","glutamate",NA,"CB2135",NA,"LHPV4i1"
62314,"CB2678","CB2678_R",NA,"cb_intrinsic","R","gaba","gaba",NA,"CB2678",NA,NA
53416,"LHPV4i1","LHPV4i1_R",NA,"cb_intrinsic","R","glutamate","glutamate",NA,"CB2135",NA,"LHPV4i1"
50497,"LHAV4a5","LHAV4a5_R",NA,"cb_intrinsic","R","gaba","unclear",NA,"CB2854",NA,"LHAV4a5"
50485,"LHPV4i1","LHPV4i1_R",NA,"cb_intrinsic","R","glutamate","glutamate",NA,"CB2135",NA,"LHPV4i1"
36062,"LHPV4a1","LHPV4a1_R",NA,"cb_intrinsic","R","glutamate","glutamate",NA,"LHPV4a1",NA,"LHPV4a1"
32247,"CB2755","CB2755_R",NA,"cb_intrinsic","R","gaba","gaba",NA,"CB2755",NA,NA
12109,"OA-VUMa2","OA-VUMa2_M",NA,"cb_intrinsic","M","octopamine","octopamine",NA,"OA-VUMa2",NA,"OA-VUMa2"
10705,"DNc02","DNc02(SIFa)_L",NA,"descending_neuron","L","unclear","unclear",NA,"DNc02","DNc02","SIFa"
10593,"AL-MBDL1","AL-MBDL1_L","ALIN","cb_intrinsic","L","acetylcholine","acetylcholine",NA,"AL-MBDL1",NA,"AL-MBDL1"
550166,"ORN_VA6","ORN_VA6_L","olfactory","cb_sensory",NA,"acetylcholine","acetylcholine",NA,"ORN_VA6",NA,"ORN_VA6"
527577,"VA6_adPN","VA6_adPN_R","ALPN","cb_intrinsic","R","acetylcholine","acetylcholine",NA,"VA6_adPN",NA,"VA6_adPN"
193139,"ORN_VA6","ORN_VA6_L","olfactory","cb_sensory",NA,"acetylcholine","acetylcholine",NA,"ORN_VA6",NA,"ORN_VA6"
94617,"lLN13","lLN13_R","ALLN","cb_intrinsic","R","gaba","gaba",NA,"lLN13",NA,"lLN13"
56288,"CB3045","CB3045_R",NA,"cb_intrinsic","R","glutamate","glutamate",NA,"CB3045",NA,"LHPV4b6,LHPV4b8"
44846,"v2LN46","v2LN46_L","ALLN","cb_intrinsic","L","glutamate","glutamate",NA,"v2LN46b",NA,"v2LN46"
42307,"LHPV2a1_a","LHPV2a1_a_R",NA,"cb_intrinsic","R","gaba","gaba",NA,"LHPV2a1_a",NA,"LHPV2a1_a"
35514,"LHAV4a1_b","LHAV4a1_b_R",NA,"cb_intrinsic","R","gaba","gaba",NA,"LHAV4a1_b",NA,"LHAV4a1_b"
34761,"CB2831","CB2831_R",NA,"cb_intrinsic","R","gaba","gaba",NA,"CB2831",NA,NA
34533,"LHAV4e1_a","LHAV4e1_a_R",NA,"cb_intrinsic","R","unclear","glutamate",NA,"LHAV4e1_a",NA,"LHAV4e1_a"
32482,"CB3417","CB3417_R","ALLN","cb_intrinsic","R","unclear","glutamate",NA,"CB3417",NA,NA
30992,"LHAV4g12","LHAV4g12_R",NA,"cb_intrinsic","R","gaba","gaba",NA,"CB1381",NA,"LHAV4g12"
22917,"LHPV4a7_d","LHPV4a7_d_R",NA,"cb_intrinsic","R","glutamate","glutamate",NA,"CB3131",NA,"LHPV4a7_d"
16668,"v2LN3A","v2LN3A_R","ALLN","cb_intrinsic","R","unclear","acetylcholine",NA,"CB1676",NA,"v2LN3A"
14212,"CSD","CSD_L",NA,"cb_intrinsic","L","serotonin","serotonin",NA,"CSD",NA,"CSD"
12759,"ALIN6","ALIN6_L","ALIN","cb_intrinsic","L","gaba","gaba",NA,"ALIN6",NA,NA
12037,"LHCENT9","LHCENT9_R",NA,"cb_intrinsic","R","gaba","gaba",NA,"LHCENT9",NA,"LHCENT9"
11341,"LHCENT2","LHCENT2_R",NA,"cb_intrinsic","R","gaba","gaba",NA,"LHCENT2",NA,"LHCENT2"
282834,"ORN_DP1l","ORN_DP1l_R","olfactory","cb_sensory",NA,"acetylcholine","acetylcholine",NA,"ORN_DP1l",NA,"ORN_DP1l"
267755,"ORN_VL2a","ORN_VL2a_unknown","olfactory","cb_sensory",NA,"acetylcholine","unclear",NA,"ORN_VL2a",NA,"ORN_VL2a"
241813,"ORN_VA6","ORN_VA6_R","olfactory","cb_sensory",NA,"acetylcholine","acetylcholine",NA,"ORN_VA6",NA,"ORN_VA6"
174566,"ORN_VA6","ORN_VA6_R","olfactory","cb_sensory",NA,"acetylcholine","acetylcholine",NA,"ORN_VA6",NA,"ORN_VA6"
173792,"ORN_VA6","ORN_VA6_L","olfactory","cb_sensory",NA,"acetylcholine","acetylcholine",NA,"ORN_VA6",NA,"ORN_VA6"
164931,"ORN_VA6","ORN_VA6_R","olfactory","cb_sensory",NA,"acetylcholine","acetylcholine",NA,"ORN_VA6",NA,"ORN_VA6"
159738,"ORN_VA6","ORN_VA6_L","olfactory","cb_sensory",NA,"acetylcholine","acetylcholine",NA,"ORN_VA6",NA,"ORN_VA6"
91799,"M_adPNm8","M_adPNm8_R","ALPN","cb_intrinsic","R","acetylcholine","acetylcholine",NA,"M_adPNm8",NA,"M_adPNm8"
90476,"LHPV2b3","LHPV2b3_R",NA,"cb_intrinsic","R","gaba","gaba",NA,"CB1258",NA,"LHPV2b3"
69061,"CB2678","CB2678_R",NA,"cb_intrinsic","R","gaba","gaba",NA,"CB2678",NA,NA
56353,"CB2725","CB2725_R",NA,"cb_intrinsic","R","glutamate","glutamate",NA,"CB2725",NA,NA
51401,"CB3109","CB3109_R",NA,"cb_intrinsic","R","unclear","unclear",NA,"CB3109",NA,NA
47932,"LHPV4g1","LHPV4g1_R",NA,"cb_intrinsic","R","glutamate","glutamate",NA,"LHPV4g1",NA,"LHPV4g1"
28640,"M_lPNm12","M_lPNm12_R","ALPN","cb_intrinsic","R","acetylcholine","acetylcholine",NA,"CB4218",NA,"M_lPNm12"
25081,"v2LN3A1_b","v2LN3A1_b_R","ALLN","cb_intrinsic","R","acetylcholine","acetylcholine",NA,"v2LN3A1_b",NA,NA
19212,"LH004m","LH004m_R",NA,"cb_intrinsic","R","gaba","gaba",NA,NA,NA,NA
18203,"CB3417","CB3417_R","ALLN","cb_intrinsic","R","unclear","unclear",NA,"CB3417",NA,NA
13666,"M_l2PNm16","M_l2PNm16_R","ALPN","cb_intrinsic","R","acetylcholine","acetylcholine",NA,"M_l2PNm16",NA,"M_l2PNm16"
13610,"M_l2PNm16","M_l2PNm16_R","ALPN","cb_intrinsic","R","acetylcholine","acetylcholine",NA,"M_l2PNm16",NA,"M_l2PNm16"
10628,"AL-AST1","AL-AST1_R","ALON","cb_intrinsic","R","acetylcholine","acetylcholine",NA,"AL-AST1",NA,NA
10399,"PPL202","PPL202_R","DAN","cb_intrinsic","R","dopamine","dopamine",NA,"PPL202",NA,"PPL202"
957988,"ORN_VL2p","ORN_VL2p_R","olfactory","cb_sensory",NA,"acetylcholine","acetylcholine",NA,"ORN_VL2p",NA,"ORN_VL2p"
925079,NA,NA,NA,NA,NA,"unclear","unclear",NA,NA,NA,NA
545695,"ORN_VA6","ORN_VA6_R","olfactory","cb_sensory",NA,"acetylcholine","acetylcholine",NA,"ORN_VA6",NA,"ORN_VA6"
544258,"CB3417","CB3417_R","ALLN","cb_intrinsic","R","unclear","unclear",NA,"CB3417",NA,NA
541716,"KCg-m","KCg-m_R","Kenyon_Cell","cb_intrinsic","R","acetylcholine","dopamine",NA,"KCg-m",NA,"KCg-m"
537652,"KCg-m","KCg-m_R","Kenyon_Cell","cb_intrinsic","R","acetylcholine","dopamine",NA,"KCg-m",NA,"KCg-m"
519970,"VA3_adPN","VA3_adPN_R","ALPN","cb_intrinsic","R","acetylcholine","acetylcholine",NA,"VA3_adPN",NA,"VA3_adPN"
519252,"ORN_VA6","ORN_VA6_unknown","olfactory","cb_sensory",NA,"acetylcholine","acetylcholine",NA,"ORN_VA6",NA,"ORN_VA6"
400337,NA,NA,NA,NA,NA,"unclear","unclear",NA,NA,NA,NA
393613,NA,NA,NA,NA,NA,"unclear","unclear",NA,NA,NA,NA
263358,"KCab-m","KCab-m_R","Kenyon_Cell","cb_intrinsic","R","acetylcholine","dopamine",NA,"KCab",NA,"KCab-m,KCab-c,KCab-s"
241283,"ORN_VA6","ORN_VA6_R","olfactory","cb_sensory",NA,"acetylcholine","acetylcholine",NA,"ORN_VA6",NA,"ORN_VA6"
193295,"ORN_VA6","ORN_VA6_unknown","olfactory","cb_sensory",NA,"acetylcholine","acetylcholine",NA,"ORN_VA6",NA,"ORN_VA6"
163971,"KCg-m","KCg-m_R","Kenyon_Cell","cb_intrinsic","R","acetylcholine","dopamine",NA,"KCg-m",NA,"KCg-m"
139899,"ORN_VA6","ORN_VA6_R","olfactory","cb_sensory",NA,"acetylcholine","acetylcholine",NA,"ORN_VA6",NA,"ORN_VA6"
116467,"KCab-m","KCab-m_R","Kenyon_Cell","cb_intrinsic","R","acetylcholine","dopamine",NA,"KCab",NA,"KCab-m,KCab-c,KCab-s"
105377,"v2LN34C","v2LN34C_L","ALLN","cb_intrinsic","L","acetylcholine","acetylcholine",NA,"CB3633",NA,"v2LN34C"
104730,"ORN_DL2v","ORN_DL2v_R","olfactory","cb_sensory",NA,"acetylcholine","acetylcholine",NA,"ORN_DL2v",NA,"ORN_DL2v"
98017,"KCg-m","KCg-m_R","Kenyon_Cell","cb_intrinsic","R","acetylcholine","dopamine",NA,"KCg-m",NA,"KCg-m"
88113,"CB3608","CB3608_R",NA,"cb_intrinsic","R","acetylcholine","acetylcholine",NA,"CB3608",NA,NA
82895,"KCg-m","KCg-m_R","Kenyon_Cell","cb_intrinsic","R","acetylcholine","dopamine",NA,"KCg-m",NA,"KCg-m"
70030,"KCg-m","KCg-m_R","Kenyon_Cell","cb_intrinsic","R","acetylcholine","dopamine",NA,"KCg-m",NA,"KCg-m"
66611,"KCg-m","KCg-m_R","Kenyon_Cell","cb_intrinsic","R","acetylcholine","dopamine",NA,"KCg-m",NA,"KCg-m"
57130,"CB2701","CB2701_R",NA,"cb_intrinsic","R","acetylcholine","acetylcholine",NA,"CB2701",NA,NA
56991,"CB2480","CB2480_R",NA,"cb_intrinsic","R","gaba","gaba",NA,"CB2480",NA,NA
56207,"lLN13","lLN13_R","ALLN","cb_intrinsic","R","gaba","gaba",NA,"CB1546",NA,"lLN13"
53885,"CB2678","CB2678_R",NA,"cb_intrinsic","R","gaba","gaba",NA,"CB2678",NA,NA
52235,"LHPV4a5","LHPV4a5_R",NA,"cb_intrinsic","R","glutamate","glutamate",NA,"CB2243",NA,"LHPV4a5"
49987,"KCg-m","KCg-m_R","Kenyon_Cell","cb_intrinsic","R","acetylcholine","dopamine",NA,"KCg-m",NA,"KCg-m"
48178,"LHAV4a1_a","LHAV4a1_a_R",NA,"cb_intrinsic","R","gaba","gaba",NA,"CB2798",NA,"LHAV4a1_a"
48149,"LHAV1d1","LHAV1d1_R",NA,"cb_intrinsic","R","acetylcholine","acetylcholine",NA,"LHAV1d1",NA,"LHAV1d1"
46907,"LHPV4k1","LHPV4k1_R",NA,"cb_intrinsic","R","glutamate","glutamate",NA,"LHPV4a5,LHPV4k1",NA,"LHPV4k1"
46888,"CB2880","CB2880_R",NA,"cb_intrinsic","R","gaba","gaba",NA,"CB2880",NA,NA
41571,"LHAV4g4_b","LHAV4g4_b_R",NA,"cb_intrinsic","R","unclear","unclear",NA,"CB2387",NA,"LHAV4g4_b"
38068,"CB3732","CB3732_R",NA,"cb_intrinsic","R","gaba","gaba",NA,"CB3732",NA,NA
36844,"CB3417","CB3417_R","ALLN","cb_intrinsic","R","unclear","unclear",NA,"CB3417",NA,NA
34953,"CB1626","CB1626_R",NA,"cb_intrinsic","R","unclear","unclear",NA,"CB1626",NA,NA
32441,"LHPV4a1","LHPV4a1_R",NA,"cb_intrinsic","R","glutamate","glutamate",NA,"LHPV4a1",NA,"LHPV4a1"
32439,"CB1927","CB1927_R",NA,"cb_intrinsic","R","gaba","gaba",NA,"CB1927",NA,NA
28855,"LHAV4g13","LHAV4g13_R",NA,"cb_intrinsic","R","gaba","gaba",NA,"CB1793",NA,"LHAV4g13"
27589,"LHPV4a9","LHPV4a9_R",NA,"cb_intrinsic","R","glutamate","glutamate",NA,"LHPV4a9",NA,"LHPV4a9"
26292,"LHAV4g14","LHAV4g14_R",NA,"cb_intrinsic","R","gaba","gaba",NA,"CB1797",NA,"LHAV4g14"
26263,"CB3278","CB3278_R",NA,"cb_intrinsic","R","glutamate","glutamate",NA,"CB3278",NA,NA
26239,"CB2107","CB2107_R",NA,"cb_intrinsic","R","gaba","gaba",NA,"CB2107",NA,NA
23533,"LHPV4a11","LHPV4a11_R",NA,"cb_intrinsic","R","glutamate","glutamate",NA,"LHPV4a11",NA,"LHPV4a11"
20397,"LHAV3d1","LHAV3d1_R",NA,"cb_intrinsic","R","glutamate","glutamate",NA,"LHAV3d1",NA,"LHAV3d1"
13198,"VA1v_adPN","VA1v_adPN_R","ALPN","cb_intrinsic","R","acetylcholine","acetylcholine",NA,"VA1v_adPN",NA,"VA1v_adPN"
12160,"DC4_adPN","DC4_adPN_R","ALPN","cb_intrinsic","R","acetylcholine","acetylcholine",NA,"DC4_adPN",NA,"DC4_adPN"
10629,"AL-AST1","AL-AST1_R","ALON","cb_intrinsic","R","acetylcholine","acetylcholine",NA,"AL-AST1",NA,"AL-AST1"
10567,"M_l2PNl20","M_l2PNl20_R","ALPN","cb_intrinsic","R","acetylcholine","acetylcholine",NA,"M_l2PNl20",NA,"M_l2PNl20"
10408,"VP1d+VP4_l2PN2","VP1d+VP4_l2PN2_R","ALPN","cb_intrinsic","R","acetylcholine","acetylcholine",NA,"VP1d+VP4_l2PN2",NA,"VP1d+VP4_l2PN2"
10305,"LHPV12a1","LHPV12a1_L",NA,"cb_intrinsic","L","gaba","gaba",NA,"LHPV12a1",NA,"LHPV12a1"
954509,"ORN_VA6","ORN_VA6_L","olfactory","cb_sensory",NA,"acetylcholine","acetylcholine",NA,"ORN_VA6",NA,"ORN_VA6"
921081,NA,NA,NA,NA,NA,"acetylcholine","acetylcholine",NA,NA,NA,NA
566092,"KCg-m","KCg-m_R","Kenyon_Cell","cb_intrinsic","R","acetylcholine","dopamine",NA,"KCg-m",NA,"KCg-m"
564485,"ORN_VA6","ORN_VA6_R","olfactory","cb_sensory",NA,"acetylcholine","acetylcholine",NA,"ORN_VA6",NA,"ORN_VA6"
551294,"lLN2P_c","lLN2P_c_R","ALLN","cb_intrinsic","R","gaba","gaba",NA,"lLN2P_c",NA,"lLN2P_c"
542600,"ORN_VA6","ORN_VA6_L","olfactory","cb_sensory",NA,"acetylcholine","acetylcholine",NA,"ORN_VA6",NA,"ORN_VA6"
537759,"KCg-m","KCg-m_R","Kenyon_Cell","cb_intrinsic","R","acetylcholine","dopamine",NA,"KCg-m",NA,"KCg-m"
525105,"DL5_adPN","DL5_adPN_R","ALPN","cb_intrinsic","R","acetylcholine","acetylcholine",NA,"DL5_adPN",NA,"DL5_adPN"
521586,"ALBN1","ALBN1_L","ALLN","cb_intrinsic","L","unclear","unclear",NA,"ALBN1",NA,"ALBN1"
521437,"VA3_adPN","VA3_adPN_R","ALPN","cb_intrinsic","R","acetylcholine","acetylcholine",NA,"VA3_adPN",NA,"VA3_adPN"
520466,"DM2_lPN","DM2_lPN_R","ALPN","cb_intrinsic","R","acetylcholine","acetylcholine",NA,"DM2_lPN",NA,"DM2_lPN"
516433,"VP5+Z_adPN","VP5+Z_adPN_R","ALPN","cb_intrinsic","R","acetylcholine","acetylcholine",NA,"VP5+Z_adPN",NA,"VP5+Z_adPN"
514314,"ORN_VA6","ORN_VA6_L","olfactory","cb_sensory",NA,"acetylcholine","acetylcholine",NA,"ORN_VA6",NA,"ORN_VA6"
513601,"LHCENT4","LHCENT4_R",NA,"cb_intrinsic","R","glutamate","glutamate",NA,"LHCENT4",NA,"LHCENT4"
512575,"ALON3","ALON3_R","ALON","cb_intrinsic","R","glutamate","glutamate",NA,"ALON3",NA,NA
328840,"ORN_VA6","ORN_VA6_L","olfactory","cb_sensory",NA,"acetylcholine","acetylcholine",NA,"ORN_VA6",NA,"ORN_VA6"
219560,"ORN_VL2p","ORN_VL2p_R","olfactory","cb_sensory",NA,"acetylcholine","acetylcholine",NA,"ORN_VL2p",NA,"ORN_VL2p"
213187,"ORN_VA6","ORN_VA6_R","olfactory","cb_sensory",NA,"acetylcholine","acetylcholine",NA,"ORN_VA6",NA,"ORN_VA6"
202599,"ORN_VA6","ORN_VA6_R","olfactory","cb_sensory",NA,"acetylcholine","acetylcholine",NA,"ORN_VA6",NA,"ORN_VA6"
195498,"ORN_VA6","ORN_VA6_R","olfactory","cb_sensory",NA,"acetylcholine","acetylcholine",NA,"ORN_VA6",NA,"ORN_VA6"
195279,"KCg-m","KCg-m_R","Kenyon_Cell","cb_intrinsic","R","acetylcholine","dopamine",NA,"KCg-m",NA,"KCg-m"
195206,"KCab-m","KCab-m_R","Kenyon_Cell","cb_intrinsic","R","acetylcholine","dopamine",NA,"KCab",NA,"KCab-m,KCab-c,KCab-s"
189744,"KCab-s","KCab-s_R","Kenyon_Cell","cb_intrinsic","R","acetylcholine","dopamine",NA,"KCab",NA,"KCab-m,KCab-c,KCab-s"
180812,"KCg-m","KCg-m_R","Kenyon_Cell","cb_intrinsic","R","acetylcholine","dopamine",NA,"KCg-m",NA,"KCg-m"
177456,"ORN_VA6","ORN_VA6_L","olfactory","cb_sensory",NA,"acetylcholine","acetylcholine",NA,"ORN_VA6",NA,"ORN_VA6"
165036,"KCg-m","KCg-m_R","Kenyon_Cell","cb_intrinsic","R","acetylcholine","dopamine",NA,"KCg-m",NA,"KCg-m"
155294,"M_adPNm7","M_adPNm7_R","ALPN","cb_intrinsic","R","acetylcholine","acetylcholine",NA,"M_adPNm7",NA,"M_adPNm7"
142975,"KCab-c","KCab-c_R","Kenyon_Cell","cb_intrinsic","R","acetylcholine","dopamine",NA,"KCab",NA,"KCab-m,KCab-c,KCab-s"
140899,"ORN_VA1v","ORN_VA1v_R","olfactory","cb_sensory",NA,"acetylcholine","acetylcholine",NA,"ORN_VA1v",NA,"ORN_VA1v"
138353,"KCg-m","KCg-m_R","Kenyon_Cell","cb_intrinsic","R","acetylcholine","dopamine",NA,"KCg-m",NA,"KCg-m"
137726,"LHPV6h1_b","LHPV6h1_b_R",NA,"cb_intrinsic","R","acetylcholine","acetylcholine",NA,"CB3248",NA,"LHPV6h1_b"
137029,"KCab-m","KCab-m_R","Kenyon_Cell","cb_intrinsic","R","acetylcholine","dopamine",NA,"KCab",NA,"KCab-m,KCab-c,KCab-s"
135739,"KCg-m","KCg-m_R","Kenyon_Cell","cb_intrinsic","R","acetylcholine","dopamine",NA,"KCg-m",NA,"KCg-m"
128573,"LHPV5c1_a","LHPV5c1_a_R",NA,"cb_intrinsic","R","acetylcholine","acetylcholine",NA,"CB3970",NA,"LHPV5c1_a"
125081,"KCab-m","KCab-m_R","Kenyon_Cell","cb_intrinsic","R","acetylcholine","dopamine",NA,"KCab",NA,"KCab-m,KCab-c,KCab-s"
124364,"M_adPNm7","M_adPNm7_R","ALPN","cb_intrinsic","R","acetylcholine","acetylcholine",NA,"M_adPNm7",NA,"M_adPNm7"
123401,"KCab-m","KCab-m_R","Kenyon_Cell","cb_intrinsic","R","acetylcholine","dopamine",NA,"KCab",NA,"KCab-m,KCab-c,KCab-s"
120781,"KCab-c","KCab-c_R","Kenyon_Cell","cb_intrinsic","R","acetylcholine","dopamine",NA,"KCab",NA,"KCab-m,KCab-c,KCab-s"
120699,"KCab-m","KCab-m_R","Kenyon_Cell","cb_intrinsic","R","acetylcholine","dopamine",NA,"KCab",NA,"KCab-m,KCab-c,KCab-s"
119632,"KCg-m","KCg-m_R","Kenyon_Cell","cb_intrinsic","R","acetylcholine","dopamine",NA,"KCg-m",NA,"KCg-m"
119160,"KCab-c","KCab-c_R","Kenyon_Cell","cb_intrinsic","R","acetylcholine","dopamine",NA,"KCab",NA,"KCab-m,KCab-c,KCab-s"
116012,"v2LN34B","v2LN34B_R","ALLN","cb_intrinsic","R","glutamate","glutamate",NA,"CB2345",NA,"v2LN34B"
110375,"KCg-m","KCg-m_R","Kenyon_Cell","cb_intrinsic","R","acetylcholine","dopamine",NA,"KCg-m",NA,"KCg-m"
108602,"KCab-m","KCab-m_R","Kenyon_Cell","cb_intrinsic","R","acetylcholine","dopamine",NA,"KCab",NA,"KCab-m,KCab-c,KCab-s"
107629,"M_vPNml84","M_vPNml84_R","ALPN","cb_intrinsic","R","gaba","gaba",NA,"M_vPNml84",NA,"M_vPNml84"
106124,"KCab-m","KCab-m_R","Kenyon_Cell","cb_intrinsic","R","acetylcholine","dopamine",NA,"KCab",NA,"KCab-m,KCab-c,KCab-s"
103414,"M_adPNm8","M_adPNm8_R","ALPN","cb_intrinsic","R","acetylcholine","acetylcholine",NA,"M_adPNm8",NA,"M_adPNm8"
98499,"LHPV2b3","LHPV2b3_R",NA,"cb_intrinsic","R","gaba","gaba",NA,"CB1258",NA,"LHPV2b3"
96216,"ORN_VA6","ORN_VA6_L","olfactory","cb_sensory",NA,"acetylcholine","acetylcholine",NA,"ORN_VA6",NA,"ORN_VA6"
91417,"ORN_DL2v","ORN_DL2v_R","olfactory","cb_sensory",NA,"acetylcholine","acetylcholine",NA,"ORN_DL2v",NA,"ORN_DL2v"
90439,"KCab-m","KCab-m_R","Kenyon_Cell","cb_intrinsic","R","acetylcholine","dopamine",NA,"KCab",NA,"KCab-m,KCab-c,KCab-s"
87660,"KCg-m","KCg-m_R","Kenyon_Cell","cb_intrinsic","R","acetylcholine","dopamine",NA,"KCg-m",NA,"KCg-m"
86072,"KCab-s","KCab-s_R","Kenyon_Cell","cb_intrinsic","R","acetylcholine","dopamine",NA,"KCab",NA,"KCab-m,KCab-c,KCab-s"
85522,"KCab-s","KCab-s_R","Kenyon_Cell","cb_intrinsic","R","acetylcholine","dopamine",NA,"KCab",NA,"KCab-m,KCab-c,KCab-s"
85076,"CB3374","CB3374_R",NA,"cb_intrinsic","R","acetylcholine","acetylcholine",NA,"CB3374",NA,NA
84664,"KCg-m","KCg-m_R","Kenyon_Cell","cb_intrinsic","R","acetylcholine","dopamine",NA,"KCg-m",NA,"KCg-m"
84551,"v2LNX01","v2LNX01_R","ALLN","cb_intrinsic","R","unclear","unclear",NA,"v2LNX01",NA,NA
81506,"KCg-m","KCg-m_R","Kenyon_Cell","cb_intrinsic","R","acetylcholine","dopamine",NA,"KCg-m",NA,"KCg-m"
78542,"LHPV2b1","LHPV2b1_R",NA,"cb_intrinsic","R","gaba","unclear",NA,"CB1067",NA,"LHPV2b1"
76878,"LHAV4g4_b","LHAV4g4_b_R",NA,"cb_intrinsic","R","unclear","unclear",NA,"CB2387",NA,"LHAV4g4_b"
76587,"KCg-m","KCg-m_R","Kenyon_Cell","cb_intrinsic","R","acetylcholine","dopamine",NA,"KCg-m",NA,"KCg-m"
75072,"KCg-m","KCg-m_R","Kenyon_Cell","cb_intrinsic","R","acetylcholine","dopamine",NA,"KCg-m",NA,"KCg-m"
73814,"KCg-m","KCg-m_R","Kenyon_Cell","cb_intrinsic","R","acetylcholine","dopamine",NA,"KCg-m",NA,"KCg-m"
73296,"KCg-m","KCg-m_R","Kenyon_Cell","cb_intrinsic","R","acetylcholine","dopamine",NA,"KCg-m",NA,"KCg-m"
73279,"LHPV4g2","LHPV4g2_R",NA,"cb_intrinsic","R","glutamate","glutamate",NA,"CB1646",NA,"LHPV4g2"
71770,"KCg-m","KCg-m_R","Kenyon_Cell","cb_intrinsic","R","acetylcholine","dopamine",NA,"KCg-m",NA,"KCg-m"
70489,"KCg-m","KCg-m_R","Kenyon_Cell","cb_intrinsic","R","acetylcholine","dopamine",NA,"KCg-m",NA,"KCg-m"
70193,"KCa'b'-ap2","KCa'b'-ap2_R","Kenyon_Cell","cb_intrinsic","R","acetylcholine","dopamine",NA,"KCapbp-ap2",NA,"KCa'b'-ap2"
69721,"KCa'b'-ap2","KCa'b'-ap2_R","Kenyon_Cell","cb_intrinsic","R","acetylcholine","dopamine",NA,"KCapbp-ap2",NA,"KCa'b'-ap2"
68031,"LHPV4g1","LHPV4g1_R",NA,"cb_intrinsic","R","glutamate","glutamate",NA,"LHPV4g1",NA,"LHPV4g1"
66130,"CB2782","CB2782_R",NA,"cb_intrinsic","R","glutamate","glutamate",NA,"CB2782",NA,NA
65997,"KCg-m","KCg-m_R","Kenyon_Cell","cb_intrinsic","R","acetylcholine","dopamine",NA,"KCg-m",NA,"KCg-m"
63954,"LHPV2b3","LHPV2b3_R",NA,"cb_intrinsic","R","gaba","gaba",NA,"CB2724",NA,"LHPV2b3"
63189,"KCg-m","KCg-m_R","Kenyon_Cell","cb_intrinsic","R","acetylcholine","dopamine",NA,"KCg-m",NA,"KCg-m"
62917,"KCg-m","KCg-m_R","Kenyon_Cell","cb_intrinsic","R","acetylcholine","dopamine",NA,"KCg-m",NA,"KCg-m"
62771,"LHPV4g1","LHPV4g1_R",NA,"cb_intrinsic","R","glutamate","glutamate",NA,"LHPV4g1",NA,"LHPV4g1"
62555,"lLN9","lLN9_R","ALLN","cb_intrinsic","R","gaba","gaba",NA,"lLN9,lLN17a",NA,"lLN9"
62143,"CB1503","CB1503_R",NA,"cb_intrinsic","R","glutamate","glutamate",NA,"CB1503",NA,NA
62003,"KCg-m","KCg-m_R","Kenyon_Cell","cb_intrinsic","R","acetylcholine","dopamine",NA,"KCg-m",NA,"KCg-m"
61113,"KCg-m","KCg-m_R","Kenyon_Cell","cb_intrinsic","R","acetylcholine","dopamine",NA,"KCg-m",NA,"KCg-m"
60957,"KCg-m","KCg-m_R","Kenyon_Cell","cb_intrinsic","R","acetylcholine","dopamine",NA,"KCg-m",NA,"KCg-m"
59919,"LHPV4b2","LHPV4b2_R",NA,"cb_intrinsic","R","glutamate","glutamate",NA,"CB2923",NA,"LHPV4b2"
59086,"CB2111","CB2111_R",NA,"cb_intrinsic","R","glutamate","glutamate",NA,"CB2111",NA,NA
58779,"CB4114","CB4114_R",NA,"cb_intrinsic","R","glutamate","glutamate",NA,"CB4114",NA,NA
57075,"KCg-m","KCg-m_R","Kenyon_Cell","cb_intrinsic","R","acetylcholine","dopamine",NA,"KCg-m",NA,"KCg-m"
56223,"KCg-m","KCg-m_R","Kenyon_Cell","cb_intrinsic","R","acetylcholine","dopamine",NA,"KCg-m",NA,"KCg-m"
55374,"CB4114","CB4114_R",NA,"cb_intrinsic","R","glutamate","glutamate",NA,"CB4114",NA,NA
54936,"KCg-m","KCg-m_R","Kenyon_Cell","cb_intrinsic","R","acetylcholine","dopamine",NA,"KCg-m",NA,"KCg-m"
54258,"LHAV4a4","LHAV4a4_R",NA,"cb_intrinsic","R","gaba","gaba",NA,"LHAV4a4",NA,"LHAV4a4"
53493,"LC43","LC43_R",NA,"visual_projection","R","acetylcholine","acetylcholine",NA,"LC43",NA,"LC43"
52962,"CB2038","CB2038_R",NA,"cb_intrinsic","R","gaba","unclear",NA,"CB2773",NA,NA
51516,"KCg-m","KCg-m_R","Kenyon_Cell","cb_intrinsic","R","acetylcholine","dopamine",NA,"KCg-m",NA,"KCg-m"
50427,"KCab-s","KCab-s_R","Kenyon_Cell","cb_intrinsic","R","acetylcholine","dopamine",NA,"KCab",NA,"KCab-m,KCab-c,KCab-s"
50256,"KCg-m","KCg-m_R","Kenyon_Cell","cb_intrinsic","R","acetylcholine","dopamine",NA,"KCg-m",NA,"KCg-m"
49092,"CB1509","CB1509_R",NA,"cb_intrinsic","R","gaba","gaba",NA,"CB1509",NA,NA
48517,"KCa'b'-ap1","KCa'b'-ap1_R","Kenyon_Cell","cb_intrinsic","R","acetylcholine","dopamine",NA,"KCapbp-ap1",NA,"KCa'b'-ap1"
46505,"CB2053","CB2053_R",NA,"cb_intrinsic","R","gaba","gaba",NA,"CB2053",NA,NA
46486,"CB1701","CB1701_R",NA,"cb_intrinsic","R","gaba","gaba",NA,"CB1701",NA,"LHAV4e5,LHAV4e2_a"
45708,"LHPV4b4","LHPV4b4_R",NA,"cb_intrinsic","R","glutamate","glutamate",NA,"CB1515",NA,"LHPV4b4"
45661,"LHPV4b7","LHPV4b7_R",NA,"cb_intrinsic","R","glutamate","glutamate",NA,"CB2060",NA,"LHPV4b7"
45641,"LHAV4a4","LHAV4a4_R",NA,"cb_intrinsic","R","gaba","gaba",NA,"LHAV4a4",NA,"LHAV4a4"
45512,"KCg-m","KCg-m_R","Kenyon_Cell","cb_intrinsic","R","acetylcholine","dopamine",NA,"KCg-m",NA,"KCg-m"
45286,"CB2906","CB2906_R",NA,"cb_intrinsic","R","gaba","gaba",NA,"CB2906",NA,NA
44766,"KCg-m","KCg-m_R","Kenyon_Cell","cb_intrinsic","R","acetylcholine","dopamine",NA,"KCg-m",NA,"KCg-m"
44147,"lLN15","lLN15_R","ALLN","cb_intrinsic","R","gaba","gaba",NA,"CB1546",NA,"lLN15"
42701,"LHAD1f1","LHAD1f1_R",NA,"cb_intrinsic","R","glutamate","glutamate",NA,"LHAD1f1a",NA,"LHAD1f1"
41342,"CB1701","CB1701_R",NA,"cb_intrinsic","R","gaba","gaba",NA,"CB1701",NA,"LHAV4e5,LHAV4e2_a"
41232,"KCg-m","KCg-m_R","Kenyon_Cell","cb_intrinsic","R","acetylcholine","dopamine",NA,"KCg-m",NA,"KCg-m"
40733,"lLN15","lLN15_R","ALLN","cb_intrinsic","R","gaba","gaba",NA,"CB1546",NA,"lLN15"
40440,"LHPV6a3","LHPV6a3_R",NA,"cb_intrinsic","R","acetylcholine","acetylcholine",NA,"LHPV6a3",NA,"LHPV6a3"
38573,"LHAV4a5","LHAV4a5_R",NA,"cb_intrinsic","R","gaba","gaba",NA,"CB2854",NA,"LHAV4a5"
38110,"CB1981","CB1981_R",NA,"cb_intrinsic","R","glutamate","glutamate",NA,"CB1981",NA,NA
36584,"LHPV4b3","LHPV4b3_R",NA,"cb_intrinsic","R","glutamate","glutamate",NA,"LHPV4b3",NA,"LHPV4b3"
35330,"CB3051","CB3051_R",NA,"cb_intrinsic","R","gaba","gaba",NA,"CB3051",NA,NA
34676,"lLN15","lLN15_R","ALLN","cb_intrinsic","R","gaba","unclear",NA,"CB1546",NA,"lLN15"
33502,"v2LN50","v2LN50_R","ALLN","cb_intrinsic","R","glutamate","glutamate",NA,"CB2527",NA,"v2LN50"
33501,"CB1276","CB1276_R",NA,"cb_intrinsic","R","acetylcholine","acetylcholine",NA,"CB1276",NA,NA
33130,"LHAV2c1","LHAV2c1_R",NA,"cb_intrinsic","R","acetylcholine","acetylcholine",NA,"CB2534",NA,"LHAV2c1"
32784,"CB0994","CB0994_R",NA,"cb_intrinsic","R","acetylcholine","acetylcholine",NA,"CB0994",NA,NA
30421,"lLN2P_b","lLN2P_b_R","ALLN","cb_intrinsic","R","gaba","gaba",NA,"lLN2P_b",NA,"lLN2P_b"
29272,"LHAV2k11_a","LHAV2k11_a_R",NA,"cb_intrinsic","R","acetylcholine","acetylcholine",NA,"CB1663",NA,"LHAV2k11_a"
26602,"LHAV4a1_b","LHAV4a1_b_R",NA,"cb_intrinsic","R","gaba","gaba",NA,"LHAV4a1_b",NA,"LHAV4a1_b"
26095,"v2LN3A1_a","v2LN3A1_a_R","ALLN","cb_intrinsic","R","acetylcholine","acetylcholine",NA,"v2LN3A1_a",NA,NA
26060,"LHPV4b1","LHPV4b1_R",NA,"cb_intrinsic","R","glutamate","glutamate",NA,"LHPV4b1",NA,"LHPV4b1"
25644,"LHPV4a1","LHPV4a1_R",NA,"cb_intrinsic","R","glutamate","glutamate",NA,"LHPV4a1",NA,"LHPV4a1"
25039,"M_vPNml65","M_vPNml65_R","ALPN","cb_intrinsic","R","gaba","gaba",NA,"M_vPNml65",NA,"M_vPNml65"
24804,"CB3417","CB3417_R","ALLN","cb_intrinsic","R","unclear","acetylcholine",NA,"CB3417",NA,NA
23241,"LHAV4a1_b","LHAV4a1_b_R",NA,"cb_intrinsic","R","gaba","gaba",NA,"LHAV4a1_b",NA,"LHAV4a1_b"
23204,"ALIN2","ALIN2_R","ALIN","cb_intrinsic","R","acetylcholine","acetylcholine",NA,"ALIN2",NA,"ALIN2"
23010,"M_lvPNm39","M_lvPNm39_R","ALPN","cb_intrinsic","R","acetylcholine","acetylcholine",NA,"M_lvPNm39",NA,"M_lvPNm39"
21772,"LHAV1a1","LHAV1a1_R",NA,"cb_intrinsic","R","acetylcholine","acetylcholine",NA,"LHAV1a1",NA,"LHAV1a1"
20960,"VL1_vPN","VL1_vPN_R","ALPN","cb_intrinsic","R","gaba","gaba",NA,"VL1_vPN",NA,"VL1_vPN"
18695,"LHAV3k4","LHAV3k4_R",NA,"cb_intrinsic","R","acetylcholine","acetylcholine",NA,"LHAV3k4",NA,"LHAV3k4"
16526,"LHAD1h1","LHAD1h1_R",NA,"cb_intrinsic","R","gaba","unclear",NA,"LHAD1h1",NA,"LHAD1h1"
16264,"LHPV2g1","LHPV2g1_R",NA,"cb_intrinsic","R","acetylcholine","acetylcholine",NA,"LHPV2g1",NA,"LHPV2g1"
16084,"LHPV2g1","LHPV2g1_R",NA,"cb_intrinsic","R","acetylcholine","acetylcholine",NA,"LHPV2g1",NA,"LHPV2g1"
16005,"D_adPN","D_adPN_R","ALPN","cb_intrinsic","R","acetylcholine","acetylcholine",NA,"D_adPN",NA,"D_adPN"
15103,"KCg-m","KCg-m_R","Kenyon_Cell","cb_intrinsic","R","acetylcholine","dopamine",NA,"KCg-m",NA,"KCg-m"
14391,"M_ilPNm90","M_ilPNm90(M_ilPN8t91)_L","ALPN","cb_intrinsic","L","acetylcholine","acetylcholine",NA,"M_ilPNm90,M_ilPN8t91",NA,"M_ilPNm90,M_ilPN8t91"
14319,"M_l2PN3t18","M_l2PN3t18_R","ALPN","cb_intrinsic","R","acetylcholine","acetylcholine",NA,"M_l2PN3t18",NA,"M_l2PN3t18"
13886,"LHAV2d1","LHAV2d1_R",NA,"cb_intrinsic","R","acetylcholine","acetylcholine",NA,"LHAV2d1",NA,"LHAV2d1"
13379,"VA1v_adPN","VA1v_adPN_R","ALPN","cb_intrinsic","R","acetylcholine","acetylcholine",NA,"VA1v_adPN",NA,"VA1v_adPN"
12735,"vLN25","vLN25_R","ALLN","cb_intrinsic","R","glutamate","glutamate",NA,"vLN25",NA,"vLN25"
12728,"DC3_adPN","DC3_adPN_R","ALPN","cb_intrinsic","R","acetylcholine","acetylcholine",NA,"DC3_adPN",NA,"DC3_adPN"
12588,"PPM1201","PPM1201_R",NA,"cb_intrinsic","R","dopamine","dopamine",NA,"PPM1201",NA,"PPM1201"
12387,"D_adPN","D_adPN_R","ALPN","cb_intrinsic","R","acetylcholine","acetylcholine",NA,"D_adPN",NA,"D_adPN"
12332,"vLN25","vLN25_R","ALLN","cb_intrinsic","R","glutamate","glutamate",NA,"vLN25",NA,"vLN25"
11741,"mALB1","mALB1_L",NA,"cb_intrinsic","L","gaba","gaba",NA,"mALB1",NA,"mALB1"
11560,"PPL201","PPL201_R","DAN","cb_intrinsic","R","dopamine","dopamine",NA,"PPL201",NA,"PPL201"
11355,"VA1d_adPN","VA1d_adPN_R","ALPN","cb_intrinsic","R","acetylcholine","acetylcholine",NA,"VA1d_adPN",NA,"VA1d_adPN"
10904,"VC1_lPN","VC1_lPN_R","ALPN","cb_intrinsic","R","acetylcholine","acetylcholine",NA,"VC1_lPN",NA,"VC1_lPN"
10835,"vLN24","vLN24_R","ALLN","cb_intrinsic","R","acetylcholine","unclear",NA,"vLN24",NA,"vLN24"
10786,"VC5_lvPN","VC5_lvPN_R","ALPN","cb_intrinsic","R","acetylcholine","acetylcholine",NA,"VC5_lvPN",NA,"VC3m_lvPN"
10569,"DC1_adPN","DC1_adPN_R","ALPN","cb_intrinsic","R","acetylcholine","acetylcholine",NA,"DC1_adPN",NA,"DC1_adPN"
10522,"VL2p_adPN","VL2p_adPN_R","ALPN","cb_intrinsic","R","acetylcholine","acetylcholine",NA,"VL2p_adPN",NA,"VL2p_adPN"
10402,"MZ_lv2PN","MZ_lv2PN_R","ALPN","cb_intrinsic","R","gaba","gaba",NA,"MZ_lv2PN",NA,"MZ_lv2PN"
10198,"VA7l_adPN","VA7l_adPN_R","ALPN","cb_intrinsic","R","acetylcholine","acetylcholine",NA,"VA7l_adPN",NA,"VA7l_adPN"
10176,"DM1_lPN","DM1_lPN_R","ALPN","cb_intrinsic","R","acetylcholine","acetylcholine",NA,"DM1_lPN",NA,"DM1_lPN"
21166,"LHAV1a1","LHAV1a1_R",NA,"cb_intrinsic","R","acetylcholine","acetylcholine",NA,"LHAV1a1",NA,"LHAV1a1"
10065,"DNb05","DNb05_R",NA,"descending_neuron","R","acetylcholine","acetylcholine",NA,"DNb05","DNb05","DNb05"
15501,"LHAV2b2_a","LHAV2b2_a_R",NA,"cb_intrinsic","R","acetylcholine","acetylcholine",NA,"LHAV2b2a",NA,"LHAV2b2_a"
33165,"VL2a_vPN","VL2a_vPN_R","ALPN","cb_intrinsic","R","gaba","gaba",NA,"VL2a_vPN",NA,"VL2a_vPN"
18108,"LHAV2b2_a","LHAV2b2_a_R",NA,"cb_intrinsic","R","acetylcholine","acetylcholine",NA,"LHAV2b2a",NA,"LHAV2b2_a"
52616,"VL2a_vPN","VL2a_vPN_R","ALPN","cb_intrinsic","R","gaba","gaba",NA,"VL2a_vPN",NA,"VL2a_vPN"
13556,"LHAD1f2","LHAD1f2_R",NA,"cb_intrinsic","R","glutamate","glutamate",NA,"LHAD1f2",NA,"LHAD1f2"
13389,"M_vPNml50","M_vPNml50_R","ALPN","cb_intrinsic","R","gaba","gaba",NA,"M_vPNml50",NA,"M_vPNml50"
32862,"CB0994","CB0994_R",NA,"cb_intrinsic","R","acetylcholine","acetylcholine",NA,"CB0994",NA,NA
19391,"LHAV2b2_a","LHAV2b2_a_R",NA,"cb_intrinsic","R","acetylcholine","acetylcholine",NA,"LHAV2b2a",NA,"LHAV2b2_a"
38024,"CB0396","CB0396_R",NA,"cb_intrinsic","R","glutamate","glutamate",NA,"CB0396",NA,NA
19694,"LHAV2b2_a","LHAV2b2_a_R",NA,"cb_intrinsic","R","acetylcholine","acetylcholine",NA,"LHAV2b2a",NA,"LHAV2b2_a"
172084,"KCg-m","KCg-m_R","Kenyon_Cell","cb_intrinsic","R","acetylcholine","dopamine",NA,"KCg-m",NA,"KCg-m"
22977,"VL2a_vPN","VL2a_vPN_R","ALPN","cb_intrinsic","R","gaba","gaba",NA,"VL2a_vPN",NA,"VL2a_vPN"
148860,"KCg-m","KCg-m_R","Kenyon_Cell","cb_intrinsic","R","acetylcholine","dopamine",NA,"KCg-m",NA,"KCg-m"
34089,"LH002m","LH002m_R",NA,"cb_intrinsic","R","acetylcholine","acetylcholine",NA,NA,NA,NA
15920,"LHAV2b2_d","LHAV2b2_d_R",NA,"cb_intrinsic","R","acetylcholine","acetylcholine",NA,"LHAV2b2a",NA,"LHAV2b2"
114089,"KCab-s","KCab-s_R","Kenyon_Cell","cb_intrinsic","R","acetylcholine","dopamine",NA,"KCab",NA,"KCab-m,KCab-c,KCab-s"
63578,"KCg-m","KCg-m_R","Kenyon_Cell","cb_intrinsic","R","acetylcholine","dopamine",NA,"KCg-m",NA,"KCg-m"
569213,"KCg-m","KCg-m_R","Kenyon_Cell","cb_intrinsic","R","acetylcholine","dopamine",NA,"KCg-m",NA,"KCg-m"
77442,"KCg-m","KCg-m_R","Kenyon_Cell","cb_intrinsic","R","acetylcholine","dopamine",NA,"KCg-m",NA,"KCg-m"
45761,"KCg-m","KCg-m_R","Kenyon_Cell","cb_intrinsic","R","acetylcholine","dopamine",NA,"KCg-m",NA,"KCg-m"
133053,"KCg-m","KCg-m_R","Kenyon_Cell","cb_intrinsic","R","acetylcholine","dopamine",NA,"KCg-m",NA,"KCg-m"
71120,"KCab-s","KCab-s_R","Kenyon_Cell","cb_intrinsic","R","acetylcholine","dopamine",NA,"KCab",NA,"KCab-m,KCab-c,KCab-s"
67721,"KCg-m","KCg-m_R","Kenyon_Cell","cb_intrinsic","R","acetylcholine","dopamine",NA,"KCg-m",NA,"KCg-m"
53655,"KCg-m","KCg-m_R","Kenyon_Cell","cb_intrinsic","R","acetylcholine","dopamine",NA,"KCg-m",NA,"KCg-m"
51113,"KCg-m","KCg-m_R","Kenyon_Cell","cb_intrinsic","R","acetylcholine","dopamine",NA,"KCg-m",NA,"KCg-m"
79832,"KCg-m","KCg-m_R","Kenyon_Cell","cb_intrinsic","R","acetylcholine","dopamine",NA,"KCg-m",NA,"KCg-m"
63482,"KCg-m","KCg-m_R","Kenyon_Cell","cb_intrinsic","R","acetylcholine","dopamine",NA,"KCg-m",NA,"KCg-m"
52394,"CB4209","CB4209_R",NA,"cb_intrinsic","R","acetylcholine","acetylcholine",NA,"LHAD1b2_a,LHAD1b2_c",NA,NA
32250,"LHPV4a2","LHPV4a2_R",NA,"cb_intrinsic","R","glutamate","glutamate",NA,"LHPV4a2",NA,"LHPV4a2"
123894,"KCg-m","KCg-m_R","Kenyon_Cell","cb_intrinsic","R","acetylcholine","dopamine",NA,"KCg-m",NA,"KCg-m"
32835,"LH002m","LH002m_R",NA,"cb_intrinsic","R","acetylcholine","acetylcholine",NA,NA,NA,NA
24959,"KCg-m","KCg-m_R","Kenyon_Cell","cb_intrinsic","R","acetylcholine","dopamine",NA,"KCg-m",NA,"KCg-m"
22671,"LHAV3i1","LHAV3i1_R",NA,"cb_intrinsic","R","acetylcholine","acetylcholine",NA,"LHAV3i1",NA,"LHAV3i1"
67665,"KCab-s","KCab-s_R","Kenyon_Cell","cb_intrinsic","R","acetylcholine","dopamine",NA,"KCab",NA,"KCab-m,KCab-c,KCab-s"
58014,"KCg-m","KCg-m_R","Kenyon_Cell","cb_intrinsic","R","acetylcholine","dopamine",NA,"KCg-m",NA,"KCg-m"
23076,"LHAV1a1","LHAV1a1_R",NA,"cb_intrinsic","R","acetylcholine","acetylcholine",NA,"LHAV1a1",NA,"LHAV1a1"
22031,"KCg-m","KCg-m_R","Kenyon_Cell","cb_intrinsic","R","acetylcholine","dopamine",NA,"KCg-m",NA,"KCg-m"
88023,"KCab-m","KCab-m_R","Kenyon_Cell","cb_intrinsic","R","acetylcholine","dopamine",NA,"KCab",NA,"KCab-m,KCab-c,KCab-s"
74668,"KCa'b'-ap1","KCa'b'-ap1_R","Kenyon_Cell","cb_intrinsic","R","acetylcholine","dopamine",NA,"KCapbp-ap1",NA,"KCa'b'-ap1"
48886,"KCg-m","KCg-m_R","Kenyon_Cell","cb_intrinsic","R","acetylcholine","dopamine",NA,"KCg-m",NA,"KCg-m"
42182,"KCa'b'-ap2","KCa'b'-ap2_R","Kenyon_Cell","cb_intrinsic","R","acetylcholine","dopamine",NA,"KCapbp-ap2",NA,"KCa'b'-ap2"
47834,"KCa'b'-ap1","KCa'b'-ap1_R","Kenyon_Cell","cb_intrinsic","R","acetylcholine","dopamine",NA,"KCapbp-ap1",NA,"KCa'b'-ap1"
40376,"KCg-m","KCg-m_R","Kenyon_Cell","cb_intrinsic","R","acetylcholine","dopamine",NA,"KCg-m",NA,"KCg-m"
38351,"CB2687","CB2687_R",NA,"cb_intrinsic","R","acetylcholine","acetylcholine",NA,"CB2687",NA,"LHAV6a10,LHAV6f2,LHAV6f1_b"
21826,"LHPV2h1","LHPV2h1_R",NA,"cb_intrinsic","R","acetylcholine","acetylcholine",NA,"LHPV2h1",NA,"LHPV2h1"
131946,"KCg-m","KCg-m_R","Kenyon_Cell","cb_intrinsic","R","acetylcholine","dopamine",NA,"KCg-m",NA,"KCg-m"
74359,"LHPV4g2","LHPV4g2_R",NA,"cb_intrinsic","R","glutamate","glutamate",NA,"CB1646",NA,"LHPV4g2"
52581,"KCa'b'-ap1","KCa'b'-ap1_R","Kenyon_Cell","cb_intrinsic","R","acetylcholine","dopamine",NA,"KCapbp-ap1",NA,"KCa'b'-ap1"
34914,"CB1276","CB1276_R",NA,"cb_intrinsic","R","acetylcholine","acetylcholine",NA,"CB1276",NA,NA
533509,"LHPV5c1","LHPV5c1_R",NA,"cb_intrinsic","R","acetylcholine","acetylcholine",NA,"CB3969",NA,"LHPV5c1"
56900,"LHPV4g2","LHPV4g2_R",NA,"cb_intrinsic","R","glutamate","glutamate",NA,"CB1646",NA,"LHPV4g2"
37701,"CB2379","CB2379_R",NA,"cb_intrinsic","R","acetylcholine","acetylcholine",NA,"CB2379",NA,NA
130875,"KCa'b'-ap2","KCa'b'-ap2_R","Kenyon_Cell","cb_intrinsic","R","acetylcholine","dopamine",NA,"KCapbp-ap2",NA,"KCa'b'-ap2"
123280,"KCg-m","KCg-m_R","Kenyon_Cell","cb_intrinsic","R","acetylcholine","dopamine",NA,"KCg-m",NA,"KCg-m"
34535,"LHAV1a4","LHAV1a4_R",NA,"cb_intrinsic","R","acetylcholine","acetylcholine",NA,"CB1667",NA,"LHAV1a4"
151134,"KCg-m","KCg-m_R","Kenyon_Cell","cb_intrinsic","R","acetylcholine","dopamine",NA,"KCg-m",NA,"KCg-m"
104745,"KCab-s","KCab-s_R","Kenyon_Cell","cb_intrinsic","R","acetylcholine","dopamine",NA,"KCab",NA,"KCab-m,KCab-c,KCab-s"
79777,"KCab-c","KCab-c_R","Kenyon_Cell","cb_intrinsic","R","acetylcholine","dopamine",NA,"KCab",NA,"KCab-m,KCab-c,KCab-s"
71494,"KCab-s","KCab-s_R","Kenyon_Cell","cb_intrinsic","R","acetylcholine","dopamine",NA,"KCab",NA,"KCab-m,KCab-c,KCab-s"
69089,"LHPV4g1","LHPV4g1_R",NA,"cb_intrinsic","R","glutamate","glutamate",NA,"LHPV4g1",NA,"LHPV4g1"
39893,"LHAV1a4","LHAV1a4_R",NA,"cb_intrinsic","R","acetylcholine","acetylcholine",NA,"CB1667",NA,"LHAV1a4"
24394,"LHAV1a1","LHAV1a1_R",NA,"cb_intrinsic","R","acetylcholine","acetylcholine",NA,"LHAV1a1",NA,"LHAV1a1"
105264,"KCab-s","KCab-s_R","Kenyon_Cell","cb_intrinsic","R","acetylcholine","dopamine",NA,"KCab",NA,"KCab-m,KCab-c,KCab-s"
80832,"KCa'b'-ap1","KCa'b'-ap1_R","Kenyon_Cell","cb_intrinsic","R","acetylcholine","dopamine",NA,"KCapbp-ap1",NA,"KCa'b'-ap1"
62891,"KCg-m","KCg-m_R","Kenyon_Cell","cb_intrinsic","R","acetylcholine","dopamine",NA,"KCg-m",NA,"KCg-m"
58027,"LHPV4g2","LHPV4g2_R",NA,"cb_intrinsic","R","glutamate","glutamate",NA,"CB1210",NA,"LHPV4g2"
21860,"LHAV2b2_c","LHAV2b2_c_R",NA,"cb_intrinsic","R","acetylcholine","acetylcholine",NA,"LHAV2b2b",NA,"LHAV2b2_c"
918516,"KCab-s","KCab-s_R","Kenyon_Cell","cb_intrinsic","R","acetylcholine","dopamine",NA,"KCab",NA,"KCab-m,KCab-c,KCab-s"
57331,"LHPV4c2","LHPV4c2_R",NA,"cb_intrinsic","R","glutamate","glutamate",NA,"CB2452",NA,"LHPV4c2"
36825,"LHAD1b2_b","LHAD1b2_b_R",NA,"cb_intrinsic","R","acetylcholine","acetylcholine",NA,"CB1244",NA,"LHAD1b2_b"
18968,"LHAV2b2_a","LHAV2b2_a_R",NA,"cb_intrinsic","R","acetylcholine","acetylcholine",NA,"LHAV2b2a",NA,"LHAV2b2_a"
157864,"KCg-m","KCg-m_R","Kenyon_Cell","cb_intrinsic","R","acetylcholine","dopamine",NA,"KCg-m",NA,"KCg-m"
148337,"KCab-s","KCab-s_R","Kenyon_Cell","cb_intrinsic","R","acetylcholine","dopamine",NA,"KCab",NA,"KCab-m,KCab-c,KCab-s"
139510,"KCg-m","KCg-m_R","Kenyon_Cell","cb_intrinsic","R","acetylcholine","dopamine",NA,"KCg-m",NA,"KCg-m"
136240,"KCg-m","KCg-m_R","Kenyon_Cell","cb_intrinsic","R","acetylcholine","dopamine",NA,"KCg-m",NA,"KCg-m"
85516,"KCg-m","KCg-m_R","Kenyon_Cell","cb_intrinsic","R","acetylcholine","dopamine",NA,"KCg-m",NA,"KCg-m"
83418,"KCab-c","KCab-c_R","Kenyon_Cell","cb_intrinsic","R","acetylcholine","dopamine",NA,"KCab",NA,"KCab-m,KCab-c,KCab-s"
80172,"KCab-s","KCab-s_R","Kenyon_Cell","cb_intrinsic","R","acetylcholine","dopamine",NA,"KCab",NA,"KCab-m,KCab-c,KCab-s"
77479,"KCg-m","KCg-m_R","Kenyon_Cell","cb_intrinsic","R","acetylcholine","dopamine",NA,"KCg-m",NA,"KCg-m"
74814,"CB4117","CB4117_R",NA,"cb_intrinsic","R","gaba","gaba",NA,"CB4117",NA,NA
49594,"KCab-s","KCab-s_R","Kenyon_Cell","cb_intrinsic","R","acetylcholine","dopamine",NA,"KCab",NA,"KCab-m,KCab-c,KCab-s"
29289,NA,NA,NA,"cb_intrinsic","R","acetylcholine","acetylcholine",NA,"CB2749,CB2918",NA,NA
22705,NA,NA,NA,"cb_intrinsic","R","acetylcholine","acetylcholine",NA,"CB3356,CB3359",NA,NA
77158,"KCg-m","KCg-m_R","Kenyon_Cell","cb_intrinsic","R","acetylcholine","dopamine",NA,"KCg-m",NA,"KCg-m"
67474,"KCa'b'-ap1","KCa'b'-ap1_R","Kenyon_Cell","cb_intrinsic","R","acetylcholine","dopamine",NA,"KCapbp-ap1",NA,"KCa'b'-ap1"
62159,"KCg-m","KCg-m_R","Kenyon_Cell","cb_intrinsic","R","acetylcholine","dopamine",NA,"KCg-m",NA,"KCg-m"
53108,"LHAD1b2","LHAD1b2_R",NA,"cb_intrinsic","R","acetylcholine","acetylcholine",NA,"CB3780",NA,"LHAD1b2"
47792,"CB4209","CB4209_R",NA,"cb_intrinsic","R","acetylcholine","acetylcholine",NA,"LHAD1b2_a,LHAD1b2_c",NA,NA
32698,"CB1687","CB1687_R",NA,"cb_intrinsic","R","glutamate","glutamate",NA,"CB1687",NA,NA
104755,"KCa'b'-ap1","KCa'b'-ap1_R","Kenyon_Cell","cb_intrinsic","R","acetylcholine","dopamine",NA,"KCapbp-ap1",NA,"KCa'b'-ap1"
74682,"KCab-s","KCab-s_R","Kenyon_Cell","cb_intrinsic","R","acetylcholine","dopamine",NA,"KCab",NA,"KCab-m,KCab-c,KCab-s"
73195,"KCg-m","KCg-m_R","Kenyon_Cell","cb_intrinsic","R","acetylcholine","dopamine",NA,"KCg-m",NA,"KCg-m"
60354,"KCa'b'-ap1","KCa'b'-ap1_R","Kenyon_Cell","cb_intrinsic","R","acetylcholine","dopamine",NA,"KCapbp-ap1",NA,"KCa'b'-ap1"
48888,"LHAV2h1","LHAV2h1_R",NA,"cb_intrinsic","R","acetylcholine","acetylcholine",NA,"CB1800",NA,"LHAV2h1"
44745,"LHPV6h1_b","LHPV6h1_b_R",NA,"cb_intrinsic","R","acetylcholine","acetylcholine",NA,"CB3248",NA,"LHPV6h1_b"
34063,"LHAV1a4","LHAV1a4_R",NA,"cb_intrinsic","R","acetylcholine","acetylcholine",NA,"CB3040",NA,"LHAV1a4"
31733,"CB2687","CB2687_R",NA,"cb_intrinsic","R","acetylcholine","acetylcholine",NA,"CB2687",NA,"LHAV6a10,LHAV6f2,LHAV6f1_b"
109321,"KC","KC_R","Kenyon_Cell","cb_intrinsic","R","acetylcholine","unclear",NA,NA,NA,NA
103144,"KCg-m","KCg-m_R","Kenyon_Cell","cb_intrinsic","R","acetylcholine","dopamine",NA,"KCg-m",NA,"KCg-m"
91595,"KCab-s","KCab-s_R","Kenyon_Cell","cb_intrinsic","R","acetylcholine","dopamine",NA,"KCab",NA,"KCab-m,KCab-c,KCab-s"
77219,"KCab-s","KCab-s_R","Kenyon_Cell","cb_intrinsic","R","acetylcholine","dopamine",NA,"KCab",NA,"KCab-m,KCab-c,KCab-s"
59733,"LHAD1b2_b","LHAD1b2_b_R",NA,"cb_intrinsic","R","acetylcholine","acetylcholine",NA,"CB1244",NA,"LHAD1b2_b"
43380,"KCg-m","KCg-m_R","Kenyon_Cell","cb_intrinsic","R","acetylcholine","dopamine",NA,"KCg-m",NA,"KCg-m"
41729,"LHAD1b5","LHAD1b5_R",NA,"cb_intrinsic","R","acetylcholine","acetylcholine",NA,"LHAD1b5",NA,"LHAD1b5"
27151,"LH002m","LH002m_R",NA,"cb_intrinsic","R","acetylcholine","acetylcholine",NA,NA,NA,NA
24151,"LH002m","LH002m_R",NA,"cb_intrinsic","R","acetylcholine","acetylcholine",NA,NA,NA,NA
135247,"KCab-s","KCab-s_R","Kenyon_Cell","cb_intrinsic","R","acetylcholine","dopamine",NA,"KCab",NA,"KCab-m,KCab-c,KCab-s"
92106,"KCab-s","KCab-s_R","Kenyon_Cell","cb_intrinsic","R","acetylcholine","dopamine",NA,"KCab",NA,"KCab-m,KCab-c,KCab-s"
85986,"KCab-s","KCab-s_R","Kenyon_Cell","cb_intrinsic","R","acetylcholine","dopamine",NA,"KCab",NA,"KCab-m,KCab-c,KCab-s"
58159,"LHAV4a4","LHAV4a4_R",NA,"cb_intrinsic","R","gaba","unclear",NA,"LHAV4a4",NA,"LHAV4a4"
52544,"M_vPNml76","M_vPNml76_R","ALPN","cb_intrinsic","R","gaba","gaba",NA,"CB2372",NA,"M_vPNml76"
46299,"LHAV2h1","LHAV2h1_R",NA,"cb_intrinsic","R","acetylcholine","acetylcholine",NA,"CB1800",NA,"LHAV2h1"
45927,"LHAV2b8","LHAV2b8_R",NA,"cb_intrinsic","R","acetylcholine","acetylcholine",NA,"CB1933",NA,"LHAV2b8"
44275,NA,NA,NA,"cb_intrinsic","R","gaba","gaba",NA,"CB3283,CB3314",NA,NA
13832,"M_vPNml50","M_vPNml50_R","ALPN","cb_intrinsic","R","gaba","gaba",NA,"M_vPNml50",NA,"M_vPNml50"
243735,"KCg-m","KCg-m_R","Kenyon_Cell","cb_intrinsic","R","acetylcholine","dopamine",NA,"KCg-m",NA,"KCg-m"
79931,"KCg-m","KCg-m_R","Kenyon_Cell","cb_intrinsic","R","acetylcholine","dopamine",NA,"KCg-m",NA,"KCg-m"
54345,"KCg-m","KCg-m_R","Kenyon_Cell","cb_intrinsic","R","acetylcholine","dopamine",NA,"KCg-m",NA,"KCg-m"
37662,"CB1771","CB1771_R",NA,"cb_intrinsic","R","acetylcholine","acetylcholine",NA,"CB1771",NA,NA
18575,"LHAV3b12","LHAV3b12_R",NA,"cb_intrinsic","R","acetylcholine","acetylcholine",NA,"LHAV3b12",NA,"LHAV3b12"
140636,"KCg-m","KCg-m_R","Kenyon_Cell","cb_intrinsic","R","acetylcholine","dopamine",NA,"KCg-m",NA,"KCg-m"
130400,"CB1201","CB1201_R",NA,"cb_intrinsic","R","acetylcholine","acetylcholine",NA,"CB1201",NA,NA
68692,"LHPV4g1","LHPV4g1_R",NA,"cb_intrinsic","R","glutamate","glutamate",NA,"LHPV4g1",NA,"LHPV4g1"
57568,"KCg-m","KCg-m_R","Kenyon_Cell","cb_intrinsic","R","acetylcholine","dopamine",NA,"KCg-m",NA,"KCg-m"
57403,"KCa'b'-ap1","KCa'b'-ap1_R","Kenyon_Cell","cb_intrinsic","R","acetylcholine","dopamine",NA,"KCapbp-ap1",NA,"KCa'b'-ap1"
55111,"LHPD2a6","LHPD2a6_R",NA,"cb_intrinsic","R","glutamate","glutamate",NA,"CB2945",NA,"LHPD2a6"
31550,"LHAV2g6","LHAV2g6_R",NA,"cb_intrinsic","R","acetylcholine","acetylcholine",NA,"CB0379",NA,"LHAV2g6"
97772,"KCg-m","KCg-m_R","Kenyon_Cell","cb_intrinsic","R","acetylcholine","dopamine",NA,"KCg-m",NA,"KCg-m"
91497,"KCa'b'-ap2","KCa'b'-ap2_R","Kenyon_Cell","cb_intrinsic","R","acetylcholine","dopamine",NA,"KCapbp-ap2",NA,"KCa'b'-ap2"
83381,"LHAV4d5","LHAV4d5_R",NA,"cb_intrinsic","R","gaba","gaba",NA,"CB1401",NA,"LHAV4d5"
36725,"LHAV1a4","LHAV1a4_R",NA,"cb_intrinsic","R","acetylcholine","acetylcholine",NA,"CB1667",NA,"LHAV1a4"
29608,"LHAV2b11","LHAV2b11_R",NA,"cb_intrinsic","R","acetylcholine","acetylcholine",NA,"LHAV2b11",NA,"LHAV2b11"
20322,"KCa'b'-ap2","KCa'b'-ap2_R","Kenyon_Cell","cb_intrinsic","R","acetylcholine","dopamine",NA,"KCapbp-ap2",NA,"KCa'b'-ap2"
149792,"KCg-m","KCg-m_R","Kenyon_Cell","cb_intrinsic","R","acetylcholine","dopamine",NA,"KCg-m",NA,"KCg-m"
87642,"KCg-m","KCg-m_R","Kenyon_Cell","cb_intrinsic","R","acetylcholine","dopamine",NA,"KCg-m",NA,"KCg-m"
84278,"KCab-s","KCab-s_R","Kenyon_Cell","cb_intrinsic","R","acetylcholine","dopamine",NA,"KCab",NA,"KCab-m,KCab-c,KCab-s"
66038,"KCg-m","KCg-m_R","Kenyon_Cell","cb_intrinsic","R","acetylcholine","dopamine",NA,"KCg-m",NA,"KCg-m"
52536,"M_vPNml76","M_vPNml76_R","ALPN","cb_intrinsic","R","gaba","gaba",NA,"CB2372",NA,"M_vPNml76"
43407,NA,NA,NA,"cb_intrinsic","R","glutamate","glutamate",NA,"CB1683,CB2146",NA,NA
10297,"LHAD1g1","LHAD1g1_R",NA,"cb_intrinsic","R","gaba","gaba",NA,"LHAD1g1",NA,"LHAD1g1"
166005,"KCab-m","KCab-m_R","Kenyon_Cell","cb_intrinsic","R","acetylcholine","dopamine",NA,"KCab",NA,"KCab-m,KCab-c,KCab-s"
152889,"KCab-s","KCab-s_R","Kenyon_Cell","cb_intrinsic","R","acetylcholine","dopamine",NA,"KCab",NA,"KCab-m,KCab-c,KCab-s"
107852,"KCg-m","KCg-m_R","Kenyon_Cell","cb_intrinsic","R","acetylcholine","dopamine",NA,"KCg-m",NA,"KCg-m"
81820,"KCg-m","KCg-m_R","Kenyon_Cell","cb_intrinsic","R","acetylcholine","dopamine",NA,"KCg-m",NA,"KCg-m"
73750,"KCg-m","KCg-m_R","Kenyon_Cell","cb_intrinsic","R","acetylcholine","dopamine",NA,"KCg-m",NA,"KCg-m"
40921,"KCg-m","KCg-m_R","Kenyon_Cell","cb_intrinsic","R","acetylcholine","dopamine",NA,"KCg-m",NA,"KCg-m"
19234,"LHAV2b5","LHAV2b5_R",NA,"cb_intrinsic","R","acetylcholine","acetylcholine",NA,"CB1843",NA,"LHAV2b5"
268292,"KCab-m","KCab-m_R","Kenyon_Cell","cb_intrinsic","R","acetylcholine","dopamine",NA,"KCab",NA,"KCab-m,KCab-c,KCab-s"
60329,"KCg-m","KCg-m_R","Kenyon_Cell","cb_intrinsic","R","acetylcholine","dopamine",NA,"KCg-m",NA,"KCg-m"
59923,"KCg-m","KCg-m_R","Kenyon_Cell","cb_intrinsic","R","acetylcholine","dopamine",NA,"KCg-m",NA,"KCg-m"
42608,"LHAV2k12_a","LHAV2k12_a_R",NA,"cb_intrinsic","R","acetylcholine","acetylcholine",NA,"CB2215",NA,"LHAV2k12_a"
40740,"LHAD1b2","LHAD1b2_R",NA,"cb_intrinsic","R","acetylcholine","acetylcholine",NA,"CB1245",NA,"LHAD1b2"
37293,"KCa'b'-ap1","KCa'b'-ap1_R","Kenyon_Cell","cb_intrinsic","R","acetylcholine","dopamine",NA,"KCapbp-ap1",NA,"KCa'b'-ap1"
33256,"CB1276","CB1276_R",NA,"cb_intrinsic","R","acetylcholine","acetylcholine",NA,"CB1276",NA,NA
10646,"AVLP597","AVLP597_R",NA,"cb_intrinsic","R","gaba","gaba",NA,"VESa1_P02",NA,NA
536292,"KCg-m","KCg-m_R","Kenyon_Cell","cb_intrinsic","R","acetylcholine","dopamine",NA,"KCg-m",NA,"KCg-m"
72939,"KCg-m","KCg-m_R","Kenyon_Cell","cb_intrinsic","R","acetylcholine","dopamine",NA,"KCg-m",NA,"KCg-m"
68572,"CB4209","CB4209_R",NA,"cb_intrinsic","R","acetylcholine","acetylcholine",NA,"LHAD1b2_a,LHAD1b2_c",NA,NA
56083,"CB3045","CB3045_R",NA,"cb_intrinsic","R","glutamate","glutamate",NA,"CB3045",NA,"LHPV4b6,LHPV4b8"
53535,"KCa'b'-ap1","KCa'b'-ap1_R","Kenyon_Cell","cb_intrinsic","R","acetylcholine","dopamine",NA,"KCapbp-ap1",NA,"KCa'b'-ap1"
48833,"CB4117","CB4117_R",NA,"cb_intrinsic","R","gaba","gaba",NA,"CB4117",NA,NA
33229,"LHPV4a2","LHPV4a2_R",NA,"cb_intrinsic","R","glutamate","glutamate",NA,"LHPV4a2",NA,"LHPV4a2"
18043,"LHAV3a1_c","LHAV3a1_c_R",NA,"cb_intrinsic","R","acetylcholine","acetylcholine",NA,"LHAV3a1_c",NA,"LHAV3a1_c"
16508,"M_lvPNm24","M_lvPNm24_R","ALPN","cb_intrinsic","R","acetylcholine","acetylcholine",NA,"M_lvPNm24",NA,"M_lvPNm24"
129321,"KCg-m","KCg-m_R","Kenyon_Cell","cb_intrinsic","R","acetylcholine","dopamine",NA,"KCg-m",NA,"KCg-m"
76648,"KCab-s","KCab-s_R","Kenyon_Cell","cb_intrinsic","R","acetylcholine","dopamine",NA,"KCab",NA,"KCab-m,KCab-c,KCab-s"
64400,"LHPV6h1_b","LHPV6h1_b_R",NA,"cb_intrinsic","R","acetylcholine","acetylcholine",NA,"CB3248",NA,"LHPV6h1_b"
64153,"LHPV2c1_a","LHPV2c1_a_R",NA,"cb_intrinsic","R","gaba","unclear",NA,"CB2828",NA,"LHPV2c1_a"
48782,"LHAV4a4","LHAV4a4_R",NA,"cb_intrinsic","R","gaba","unclear",NA,"LHAV4a4",NA,"LHAV4a4"
37904,"KCa'b'-ap1","KCa'b'-ap1_R","Kenyon_Cell","cb_intrinsic","R","acetylcholine","dopamine",NA,"KCapbp-ap1",NA,"KCa'b'-ap1"
20986,"CB2549","CB2549_R",NA,"cb_intrinsic","R","acetylcholine","acetylcholine",NA,"CB2549",NA,NA
162392,"KCab-s","KCab-s_R","Kenyon_Cell","cb_intrinsic","R","acetylcholine","dopamine",NA,"KCab",NA,"KCab-m,KCab-c,KCab-s"
81233,"KCg-m","KCg-m_R","Kenyon_Cell","cb_intrinsic","R","acetylcholine","dopamine",NA,"KCg-m",NA,"KCg-m"
60468,NA,NA,NA,"cb_intrinsic","R","glutamate","glutamate",NA,"CB1683,CB2146",NA,NA
49661,"KCa'b'-ap1","KCa'b'-ap1_R","Kenyon_Cell","cb_intrinsic","R","acetylcholine","dopamine",NA,"KCapbp-ap1",NA,"KCa'b'-ap1"
48452,"LHAD1b3","LHAD1b3_R",NA,"cb_intrinsic","R","acetylcholine","acetylcholine",NA,"LHAD1b3",NA,"LHAD1b3"
48110,"LHPV6f5","LHPV6f5_R",NA,"cb_intrinsic","R","acetylcholine","acetylcholine",NA,"CB3735",NA,"LHPV6f5"
42338,"CB2224","CB2224_R",NA,"cb_intrinsic","R","acetylcholine","acetylcholine",NA,"CB2224",NA,NA
41393,"LHPV4a2","LHPV4a2_R",NA,"cb_intrinsic","R","glutamate","glutamate",NA,"LHPV4a2",NA,"LHPV4a2"
37619,"CB1735","CB1735_R",NA,"cb_intrinsic","R","glutamate","glutamate",NA,"CB1735",NA,NA
13596,"M_lvPNm24","M_lvPNm24_R","ALPN","cb_intrinsic","R","acetylcholine","acetylcholine",NA,"M_lvPNm24",NA,"M_lvPNm24"
109755,"KCab-s","KCab-s_R","Kenyon_Cell","cb_intrinsic","R","acetylcholine","dopamine",NA,"KCab",NA,"KCab-m,KCab-c,KCab-s"
99958,"KCab-c","KCab-c_R","Kenyon_Cell","cb_intrinsic","R","acetylcholine","dopamine",NA,"KCab",NA,"KCab-m,KCab-c,KCab-s"
75578,"KCa'b'-ap2","KCa'b'-ap2_R","Kenyon_Cell","cb_intrinsic","R","acetylcholine","dopamine",NA,"KCapbp-ap2",NA,"KCa'b'-ap2"
75045,"KCg-m","KCg-m_R","Kenyon_Cell","cb_intrinsic","R","acetylcholine","dopamine",NA,"KCg-m",NA,"KCg-m"
67619,"CB1527","CB1527_R",NA,"cb_intrinsic","R","gaba","gaba",NA,"CB1527",NA,NA
67208,NA,NA,NA,"cb_intrinsic","R","glutamate","glutamate",NA,"CB1335,CB2738,CB1341",NA,NA
64440,"KCg-m","KCg-m_R","Kenyon_Cell","cb_intrinsic","R","acetylcholine","dopamine",NA,"KCg-m",NA,"KCg-m"
52196,"LHPV6a1","LHPV6a1_R",NA,"cb_intrinsic","R","acetylcholine","acetylcholine",NA,"LHPV6a1",NA,"LHPV6a1"
51350,NA,NA,NA,"cb_intrinsic","R","acetylcholine","acetylcholine",NA,"CB1102,CB1328",NA,NA
49752,"KCg-m","KCg-m_R","Kenyon_Cell","cb_intrinsic","R","acetylcholine","dopamine",NA,"KCg-m",NA,"KCg-m"
48483,"CB4117","CB4117_R",NA,"cb_intrinsic","R","gaba","gaba",NA,"CB4117",NA,NA
43500,"LHAD1b3","LHAD1b3_R",NA,"cb_intrinsic","R","acetylcholine","acetylcholine",NA,"LHAD1b3",NA,"LHAD1b3"
41174,"LHAV3b1","LHAV3b1_R",NA,"cb_intrinsic","R","acetylcholine","acetylcholine",NA,"CB0934",NA,"LHAV3b1"
35715,"LHAV1b1","LHAV1b1_R",NA,"cb_intrinsic","R","acetylcholine","acetylcholine",NA,"LHAV1b1",NA,"LHAV1b1"
33340,"LHAV2k9","LHAV2k9_R",NA,"cb_intrinsic","R","acetylcholine","acetylcholine",NA,"CB1305",NA,"LHAV2k9"
27319,"LHAD2c3","LHAD2c3_R",NA,"cb_intrinsic","R","acetylcholine","acetylcholine",NA,"LHAD2c3b,LHAD2c3c",NA,"LHAD2c3"
21409,"LHPV7a1","LHPV7a1_R",NA,"cb_intrinsic","R","acetylcholine","acetylcholine",NA,"LHPV7a1b",NA,"LHPV7a1"
15517,"M_vPNml63","M_vPNml63_R","ALPN","cb_intrinsic","R","gaba","gaba",NA,"M_vPNml63",NA,"M_vPNml63"
13068,"PPM1201","PPM1201_R",NA,"cb_intrinsic","R","dopamine","dopamine",NA,"PPM1201",NA,"PPM1201"
95358,"KCa'b'-ap1","KCa'b'-ap1_R","Kenyon_Cell","cb_intrinsic","R","acetylcholine","dopamine",NA,"KCapbp-ap1",NA,"KCa'b'-ap1"
83604,"KCab-s","KCab-s_R","Kenyon_Cell","cb_intrinsic","R","acetylcholine","dopamine",NA,"KCab",NA,"KCab-m,KCab-c,KCab-s"
69967,"KCg-m","KCg-m_R","Kenyon_Cell","cb_intrinsic","R","acetylcholine","dopamine",NA,"KCg-m",NA,"KCg-m"
53256,"LHPV6a1","LHPV6a1_R",NA,"cb_intrinsic","R","acetylcholine","acetylcholine",NA,"LHPV6a1",NA,"LHPV6a1"
48009,"KCa'b'-ap2","KCa'b'-ap2_R","Kenyon_Cell","cb_intrinsic","R","acetylcholine","dopamine",NA,"KCapbp-ap2",NA,"KCa'b'-ap2"
45183,"KCg-m","KCg-m_R","Kenyon_Cell","cb_intrinsic","R","acetylcholine","dopamine",NA,"KCg-m",NA,"KCg-m"
41339,"LHAV2b1","LHAV2b1_R",NA,"cb_intrinsic","R","acetylcholine","acetylcholine",NA,"LHAV2b1",NA,"LHAV2b1"
36031,"LHAD1b2_b","LHAD1b2_b_R",NA,"cb_intrinsic","R","acetylcholine","acetylcholine",NA,"CB1244",NA,"LHAD1b2_b"
28730,NA,NA,NA,"cb_intrinsic","R","acetylcholine","acetylcholine",NA,"CB2749,CB2918",NA,NA
27284,"LHAV2k12_a","LHAV2k12_a_R",NA,"cb_intrinsic","R","acetylcholine","acetylcholine",NA,"CB1531",NA,"LHAV2k12_a"
15329,"pC1_2a","pC1_2a_R",NA,"cb_intrinsic","R","acetylcholine","acetylcholine",NA,NA,NA,NA
569775,"KCg-m","KCg-m_R","Kenyon_Cell","cb_intrinsic","R","acetylcholine","dopamine",NA,"KCg-m",NA,"KCg-m"
519297,"pC1_2a","pC1_2a_R",NA,"cb_intrinsic","R","acetylcholine","acetylcholine",NA,NA,NA,NA
516967,"LHPD5b1","LHPD5b1_R",NA,"cb_intrinsic","R","acetylcholine","acetylcholine",NA,"SLPpm3_P01",NA,"LHPD5b1"
164103,"KCg-m","KCg-m_R","Kenyon_Cell","cb_intrinsic","R","acetylcholine","dopamine",NA,"KCg-m",NA,"KCg-m"
141107,"LHPV5c1","LHPV5c1_R",NA,"cb_intrinsic","R","acetylcholine","acetylcholine",NA,"CB3969",NA,"LHPV5c1"
102084,"KCab-m","KCab-m_R","Kenyon_Cell","cb_intrinsic","R","acetylcholine","dopamine",NA,"KCab",NA,"KCab-m,KCab-c,KCab-s"
95585,"KCab-s","KCab-s_R","Kenyon_Cell","cb_intrinsic","R","acetylcholine","dopamine",NA,"KCab",NA,"KCab-m,KCab-c,KCab-s"
83921,"KCg-m","KCg-m_R","Kenyon_Cell","cb_intrinsic","R","acetylcholine","dopamine",NA,"KCg-m",NA,"KCg-m"
80079,"KCg-m","KCg-m_R","Kenyon_Cell","cb_intrinsic","R","acetylcholine","dopamine",NA,"KCg-m",NA,"KCg-m"
46693,"LHAD1b2","LHAD1b2_R",NA,"cb_intrinsic","R","acetylcholine","acetylcholine",NA,"CB1245",NA,"LHAD1b2"
43312,"LHPV6i1_a","LHPV6i1_a_R",NA,"cb_intrinsic","R","acetylcholine","acetylcholine",NA,"CB3260,CB3723",NA,"LHPV6i1_a"
40059,"LHAV2h1","LHAV2h1_R",NA,"cb_intrinsic","R","acetylcholine","acetylcholine",NA,"CB1100",NA,"LHAV2h1"
39674,"LHAD1b2","LHAD1b2_R",NA,"cb_intrinsic","R","acetylcholine","acetylcholine",NA,"CB3780",NA,"LHAD1b2"
38991,"CB1687","CB1687_R",NA,"cb_intrinsic","R","glutamate","glutamate",NA,"CB1687",NA,NA
28159,"LHAV2g5","LHAV2g5_R",NA,"cb_intrinsic","R","acetylcholine","acetylcholine",NA,"LHAV2g5",NA,"LHAV2g5"
13664,"LHAV3k1","LHAV3k1_R",NA,"cb_intrinsic","R","acetylcholine","acetylcholine",NA,"LHAV3k1",NA,"LHAV3k1"
261849,"KCab-m","KCab-m_R","Kenyon_Cell","cb_intrinsic","R","acetylcholine","dopamine",NA,"KCab",NA,"KCab-m,KCab-c,KCab-s"
132048,"KCab-c","KCab-c_R","Kenyon_Cell","cb_intrinsic","R","acetylcholine","dopamine",NA,"KCab",NA,"KCab-m,KCab-c,KCab-s"
121241,"KCab-m","KCab-m_R","Kenyon_Cell","cb_intrinsic","R","acetylcholine","dopamine",NA,"KCab",NA,"KCab-m,KCab-c,KCab-s"
117383,"LHPV6a1","LHPV6a1_R",NA,"cb_intrinsic","R","acetylcholine","acetylcholine",NA,"CB2199",NA,"LHPV6a1"
107027,"KCab-m","KCab-m_R","Kenyon_Cell","cb_intrinsic","R","acetylcholine","dopamine",NA,"KCab",NA,"KCab-m,KCab-c,KCab-s"
103701,"CB2174","CB2174_R",NA,"cb_intrinsic","R","acetylcholine","acetylcholine",NA,"CB2174",NA,NA
94674,"KCg-m","KCg-m_R","Kenyon_Cell","cb_intrinsic","R","acetylcholine","dopamine",NA,"KCg-m",NA,"KCg-m"
72102,"LHAV4a5","LHAV4a5_R",NA,"cb_intrinsic","R","gaba","unclear",NA,"CB2854",NA,"LHAV4a5"
68996,"LHPV6f5","LHPV6f5_R",NA,"cb_intrinsic","R","acetylcholine","acetylcholine",NA,"CB3735",NA,"LHPV6f5"
65379,"KCg-m","KCg-m_R","Kenyon_Cell","cb_intrinsic","R","acetylcholine","dopamine",NA,"KCg-m",NA,"KCg-m"
51567,"LHPV6a3","LHPV6a3_R",NA,"cb_intrinsic","R","acetylcholine","acetylcholine",NA,"LHPV6a3",NA,"LHPV6a3"
50804,"LHPV6a1","LHPV6a1_R",NA,"cb_intrinsic","R","acetylcholine","acetylcholine",NA,"LHPV6a1",NA,"LHPV6a1"
44579,"CB2224","CB2224_R",NA,"cb_intrinsic","R","acetylcholine","acetylcholine",NA,"CB2224",NA,NA
42499,"LHPV6a3","LHPV6a3_R",NA,"cb_intrinsic","R","acetylcholine","acetylcholine",NA,"LHPV6a3",NA,"LHPV6a3"
22833,"LHAV6b4","LHAV6b4_R",NA,"cb_intrinsic","R","acetylcholine","acetylcholine",NA,"LHAV6b4",NA,"LHAV6b4"
89250,"LHAV4d5","LHAV4d5_R",NA,"cb_intrinsic","R","gaba","gaba",NA,"CB1401",NA,"LHAV4d5"
52825,"LHPV4c2","LHPV4c2_R",NA,"cb_intrinsic","R","glutamate","glutamate",NA,"CB2452",NA,"LHPV4c2"
50304,"KCg-m","KCg-m_R","Kenyon_Cell","cb_intrinsic","R","acetylcholine","dopamine",NA,"KCg-m",NA,"KCg-m"
39002,"LHAV2i4","LHAV2i4_R",NA,"cb_intrinsic","R","acetylcholine","acetylcholine",NA,"CB2129",NA,"LHAV2i4"
34524,NA,NA,NA,"cb_intrinsic","R","gaba","gaba",NA,"CB3283,CB3314",NA,NA
537803,"PLP042a","PLP042a_R",NA,"cb_intrinsic","R","glutamate","glutamate",NA,"PLP042a",NA,NA
154433,"KCg-m","KCg-m_R","Kenyon_Cell","cb_intrinsic","R","acetylcholine","dopamine",NA,"KCg-m",NA,"KCg-m"
81427,"KCg-m","KCg-m_R","Kenyon_Cell","cb_intrinsic","R","acetylcholine","dopamine",NA,"KCg-m",NA,"KCg-m"
77963,"LHAV5a2_a3","LHAV5a2_a3_R",NA,"cb_intrinsic","R","acetylcholine","acetylcholine",NA,"LHAV5a2_a3",NA,"LHAV5a2_a"
68319,"LHPV4a5","LHPV4a5_R",NA,"cb_intrinsic","R","glutamate","glutamate",NA,"CB2707",NA,"LHPV4a5"
67535,"KCab-s","KCab-s_R","Kenyon_Cell","cb_intrinsic","R","acetylcholine","dopamine",NA,"KCab",NA,"KCab-m,KCab-c,KCab-s"
62740,"LHPV5h4","LHPV5h4_R",NA,"cb_intrinsic","R","acetylcholine","acetylcholine",NA,"CB1704",NA,"LHPV5h4"
53173,"KCg-m","KCg-m_R","Kenyon_Cell","cb_intrinsic","R","acetylcholine","dopamine",NA,"KCg-m",NA,"KCg-m"
35281,"CB1771","CB1771_R",NA,"cb_intrinsic","R","acetylcholine","acetylcholine",NA,"CB1771",NA,NA
25353,"CB2045","CB2045_R",NA,"cb_intrinsic","R","acetylcholine","acetylcholine",NA,"CB2045",NA,NA
21709,"LHAV4j1","LHAV4j1_R",NA,"cb_intrinsic","R","gaba","gaba",NA,"LHAV4j1",NA,"LHAV4j1"
21663,"PVLP205m","PVLP205m_R",NA,"cb_intrinsic","R","acetylcholine","acetylcholine",NA,NA,NA,NA
20270,"LHAV8a1","LHAV8a1_R",NA,"cb_intrinsic","R","glutamate","glutamate",NA,"LHAV8a1",NA,"LHAV8a1"
18190,"PLP058","PLP058_R",NA,"cb_intrinsic","R","acetylcholine","acetylcholine",NA,"PLP058",NA,"PLP058"
539342,"LHPV6h3,SLP276","LHPV6h3,SLP276_R",NA,"cb_intrinsic","R","acetylcholine","acetylcholine",NA,"CB1953",NA,"LHPV6h3,SLP276"
514510,"AVLP299_d","AVLP299_d_R",NA,"cb_intrinsic","R","acetylcholine","acetylcholine",NA,"AVLP299_c",NA,"AVLP299"
104632,"CB1201","CB1201_R",NA,"cb_intrinsic","R","acetylcholine","acetylcholine",NA,"CB1201",NA,NA
94170,"LHPD2a6","LHPD2a6_R",NA,"cb_intrinsic","R","glutamate","glutamate",NA,"CB2945",NA,"LHPD2a6"
86877,"CB1201","CB1201_R",NA,"cb_intrinsic","R","acetylcholine","acetylcholine",NA,"CB1201",NA,NA
66076,"LHAV4d5","LHAV4d5_R",NA,"cb_intrinsic","R","gaba","gaba",NA,"CB1401",NA,"LHAV4d5"
58127,"CB1782","CB1782_R",NA,"cb_intrinsic","R","acetylcholine","acetylcholine",NA,"CB1782",NA,NA
55306,"LHAV4a5","LHAV4a5_R",NA,"cb_intrinsic","R","gaba","gaba",NA,"CB2854",NA,"LHAV4a5"
53360,"LHAV6a3","LHAV6a3_R",NA,"cb_intrinsic","R","acetylcholine","acetylcholine",NA,"LHAV6a3",NA,"LHAV6a3"
49532,"LHAV2h1","LHAV2h1_R",NA,"cb_intrinsic","R","acetylcholine","acetylcholine",NA,"CB1100",NA,"LHAV2h1"
46332,"LHPV6h1","LHPV6h1_R",NA,"cb_intrinsic","R","acetylcholine","acetylcholine",NA,"LHPV6h1",NA,"LHPV6h1"
43635,"LHAV2b1","LHAV2b1_R",NA,"cb_intrinsic","R","acetylcholine","acetylcholine",NA,"LHAV2b1",NA,"LHAV2b1"
42181,"LHPV6h1","LHPV6h1_R",NA,"cb_intrinsic","R","acetylcholine","acetylcholine",NA,"LHPV6h1",NA,"LHPV6h1"
40260,"LHAV2b7_a","LHAV2b7_a_R",NA,"cb_intrinsic","R","acetylcholine","acetylcholine",NA,"LHAV2b7_a",NA,"LHAV2b7_a"
39989,"LHAD3d5","LHAD3d5_R",NA,"cb_intrinsic","R","acetylcholine","acetylcholine",NA,"CB1864",NA,"LHAD3d5"
38051,"LHPV6k1","LHPV6k1_R",NA,"cb_intrinsic","R","glutamate","glutamate",NA,"CB3290",NA,"LHPV6k1"
34712,"LHPV6k1","LHPV6k1_R",NA,"cb_intrinsic","R","glutamate","glutamate",NA,"CB3290",NA,"LHPV6k1"
33957,"LHAV2b9","LHAV2b9_R",NA,"cb_intrinsic","R","acetylcholine","acetylcholine",NA,"LHAV2b9",NA,"LHAV2b9"
16649,"LHAV2b2_b","LHAV2b2_b_R",NA,"cb_intrinsic","R","acetylcholine","acetylcholine",NA,"LHAV2b2a",NA,"LHAV2b2_b"
131434,"LHAD3a10","LHAD3a10_R",NA,"cb_intrinsic","R","acetylcholine","acetylcholine",NA,"LHAD3a10",NA,"LHAD3a10"
99589,"LHAV4g1","LHAV4g1_R",NA,"cb_intrinsic","R","gaba","gaba",NA,"LHAV4g1a",NA,"LHAV4g1_a"
94701,"LHPV5h4","LHPV5h4_R",NA,"cb_intrinsic","R","acetylcholine","acetylcholine",NA,"CB2159",NA,"LHPV5h4"
92278,"KCg-m","KCg-m_R","Kenyon_Cell","cb_intrinsic","R","acetylcholine","dopamine",NA,"KCg-m",NA,"KCg-m"
60071,"CB1570","CB1570_R",NA,"cb_intrinsic","R","acetylcholine","acetylcholine",NA,"CB1570",NA,NA
59037,"LHPV5h4","LHPV5h4_R",NA,"cb_intrinsic","R","acetylcholine","acetylcholine",NA,"CB2159",NA,"LHPV5h4"
56018,"CB2687","CB2687_R",NA,"cb_intrinsic","R","acetylcholine","acetylcholine",NA,"CB2687",NA,"LHAV6a10,LHAV6f2,LHAV6f1_b"
53283,"LHAV5a4_c","LHAV5a4_c_R",NA,"cb_intrinsic","R","acetylcholine","acetylcholine",NA,"CB2744",NA,"LHAV5a4_c"
52702,"LHAV4a4","LHAV4a4_R",NA,"cb_intrinsic","R","gaba","unclear",NA,"LHAV4a4",NA,"LHAV4a4"
47026,"KCg-m","KCg-m_R","Kenyon_Cell","cb_intrinsic","R","acetylcholine","dopamine",NA,"KCg-m",NA,"KCg-m"
45869,"LHPV5a2","LHPV5a2_R",NA,"cb_intrinsic","R","acetylcholine","acetylcholine",NA,"CB2524",NA,"LHPV5a2"
44858,NA,NA,NA,"cb_intrinsic","R","acetylcholine","acetylcholine",NA,"CB1102,CB1328",NA,NA
43753,"CB1503","CB1503_R",NA,"cb_intrinsic","R","glutamate","glutamate",NA,"CB1503",NA,NA
42598,"CB1114","CB1114_R",NA,"cb_intrinsic","R","acetylcholine","gaba",NA,"CB1114",NA,NA
41812,"CB4209","CB4209_R",NA,"cb_intrinsic","R","acetylcholine","acetylcholine",NA,"LHAD1b2_a,LHAD1b2_c",NA,NA
33605,"LHCENT13_b","LHCENT13_b_R",NA,"cb_intrinsic","R","gaba","gaba",NA,"LHCENT13_b",NA,"LHCENT13_b"
31412,"PVLP001","PVLP001_R",NA,"cb_intrinsic","R","gaba","gaba",NA,"PVLP001",NA,"PVLP001"
24030,"LHAD2c3","LHAD2c3_R",NA,"cb_intrinsic","R","acetylcholine","acetylcholine",NA,"LHAD2c3b,LHAD2c3c",NA,"LHAD2c3"
23194,"LHAD2c3","LHAD2c3_R",NA,"cb_intrinsic","R","acetylcholine","acetylcholine",NA,"LHAD2c3b,LHAD2c3c",NA,"LHAD2c3"
20229,"PLP053","PLP053_R",NA,"cb_intrinsic","R","acetylcholine","acetylcholine",NA,"PLP053",NA,"PLP053"
17812,"LHAV3k6","LHAV3k6_R",NA,"cb_intrinsic","R","acetylcholine","acetylcholine",NA,"LHAV3k6",NA,"LHAV3k6"
11664,"AVLP209","AVLP209_R",NA,"cb_intrinsic","R","gaba","gaba",NA,"AVLP209",NA,"AVLP209"
10038,"pIP1","pIP1_R",NA,"descending_neuron","R","acetylcholine","acetylcholine",NA,NA,"DNxl053",NA
543762,"CB2224","CB2224_R",NA,"cb_intrinsic","R","acetylcholine","acetylcholine",NA,"CB2224",NA,NA
536171,"LHPV4i3","LHPV4i3_R",NA,"cb_intrinsic","R","glutamate","glutamate",NA,"CB2692",NA,"LHPV4i3"
524845,"PVLP208m","PVLP208m_R",NA,"cb_intrinsic","R","acetylcholine","acetylcholine",NA,NA,NA,NA
521384,"KCg-m","KCg-m_R","Kenyon_Cell","cb_intrinsic","R","acetylcholine","dopamine",NA,"KCg-m",NA,"KCg-m"
516097,"M_ilPNm90","M_ilPNm90(M_ilPN8t91)_R","ALPN","cb_intrinsic","R","acetylcholine","acetylcholine",NA,"M_ilPNm90,M_ilPN8t91",NA,"M_ilPNm90,M_ilPN8t91"
242344,"ORN_VA6","ORN_VA6_L","olfactory","cb_sensory",NA,"acetylcholine","acetylcholine",NA,"ORN_VA6",NA,"ORN_VA6"
189068,"KCab-m","KCab-m_R","Kenyon_Cell","cb_intrinsic","R","acetylcholine","dopamine",NA,"KCab",NA,"KCab-m,KCab-c,KCab-s"
147959,"v2LN34F","v2LN34F_R","ALLN","cb_intrinsic","R","acetylcholine","acetylcholine",NA,"CB1673",NA,"v2LN34F"
127148,"LHAD1b5","LHAD1b5_R",NA,"cb_intrinsic","R","acetylcholine","acetylcholine",NA,"LHAD1b5",NA,"LHAD1b5"
114432,"LHAV5a2_a3","LHAV5a2_a3_R",NA,"cb_intrinsic","R","acetylcholine","acetylcholine",NA,"LHAV5a2_a3",NA,"LHAV5a2_a"
102990,"KCab-m","KCab-m_R","Kenyon_Cell","cb_intrinsic","R","acetylcholine","dopamine",NA,"KCab",NA,"KCab-m,KCab-c,KCab-s"
102475,"LHAV4d5","LHAV4d5_R",NA,"cb_intrinsic","R","gaba","unclear",NA,"CB1401",NA,"LHAV4d5"
83891,"CB2786","CB2786_R",NA,"cb_intrinsic","R","glutamate","glutamate",NA,"CB2786",NA,NA
75333,"LHAD1c2","LHAD1c2_R",NA,"cb_intrinsic","R","acetylcholine","acetylcholine",NA,"LHAD1c2a",NA,"LHAD1c2"
73011,"LHPV5h4","LHPV5h4_R",NA,"cb_intrinsic","R","acetylcholine","acetylcholine",NA,"CB1704",NA,"LHPV5h4"
67663,NA,NA,NA,"cb_intrinsic","R","glutamate","glutamate",NA,"CB2835,CB3123",NA,NA
66383,"LHAV6a4","LHAV6a4_R",NA,"cb_intrinsic","R","acetylcholine","acetylcholine",NA,"CB2097",NA,"LHAV6a4"
66249,"LHPV2c1_a","LHPV2c1_a_R",NA,"cb_intrinsic","R","gaba","gaba",NA,"CB2828",NA,"LHPV2c1_a"
61908,"LHAV3g1","LHAV3g1_R",NA,"cb_intrinsic","R","glutamate","glutamate",NA,"LHAV3g1",NA,"LHAV3g1"
58975,"LHPV4a5","LHPV4a5_R",NA,"cb_intrinsic","R","glutamate","glutamate",NA,"CB2707",NA,"LHPV4a5"
55001,"CB1156","CB1156_R",NA,"cb_intrinsic","R","acetylcholine","acetylcholine",NA,"CB1156",NA,NA
52572,"CB2133","CB2133_R",NA,"cb_intrinsic","R","acetylcholine","acetylcholine",NA,"CB2133",NA,NA
52446,"LHPV6a1","LHPV6a1_R",NA,"cb_intrinsic","R","acetylcholine","acetylcholine",NA,"CB2199",NA,"LHPV6a1"
52338,NA,NA,NA,"cb_intrinsic","R","gaba","gaba",NA,"CB2581,CB3108,CB3273",NA,NA
46893,"CB1333","CB1333_R",NA,"cb_intrinsic","R","acetylcholine","acetylcholine",NA,"CB1333",NA,NA
37891,"CB2133","CB2133_R",NA,"cb_intrinsic","R","acetylcholine","acetylcholine",NA,"CB2133",NA,NA
35425,"LH006m","LH006m_R",NA,"cb_intrinsic","R","acetylcholine","acetylcholine",NA,NA,NA,NA
33228,"CB2522","CB2522_R",NA,"cb_intrinsic","R","acetylcholine","acetylcholine",NA,"CB2522",NA,"LHAV1b4,LHAV1c1"
32276,"LHAV2f2_b","LHAV2f2_b_R",NA,"cb_intrinsic","R","gaba","gaba",NA,"LHAV2f2_b",NA,"LHAV2f2_b"
28019,"LHAV2k13","LHAV2k13_R",NA,"cb_intrinsic","R","acetylcholine","acetylcholine",NA,"LHAV2k13",NA,"LHAV2k13"
26953,"LHPD2a2","LHPD2a2_R",NA,"cb_intrinsic","R","acetylcholine","acetylcholine",NA,"CB3110",NA,"LHPD2a2"
22504,"LH002m","LH002m_R",NA,"cb_intrinsic","R","acetylcholine","acetylcholine",NA,NA,NA,NA
20287,"LHAV6b1","LHAV6b1_R",NA,"cb_intrinsic","R","acetylcholine","acetylcholine",NA,"LHAV6b1",NA,"LHAV6b1"
18235,"LHAV3k3","LHAV3k3_R",NA,"cb_intrinsic","R","acetylcholine","acetylcholine",NA,"LHAV3k3",NA,"LHAV3k3"
14821,"LHAV3h1","LHAV3h1_R",NA,"cb_intrinsic","R","acetylcholine","acetylcholine",NA,"LHAV3h1",NA,"LHAV3h1"
13890,"PVLP208m","PVLP208m_R",NA,"cb_intrinsic","R","acetylcholine","acetylcholine",NA,NA,NA,NA
13209,"DA1_vPN","DA1_vPN_R","ALPN","cb_intrinsic","R","gaba","gaba",NA,"DA1_vPN",NA,"DA1_vPN"
13024,"WEDPN4","WEDPN4_R",NA,"cb_intrinsic","R","gaba","gaba",NA,"WEDPN4",NA,"WEDPN4"
11624,"DC2_adPN","DC2_adPN_R","ALPN","cb_intrinsic","R","acetylcholine","acetylcholine",NA,"DC2_adPN",NA,"DC2_adPN"
545293,"LHPD4a1","LHPD4a1_R",NA,"cb_intrinsic","R","glutamate","glutamate",NA,"LHPD4a1",NA,"LHPD4a1"
530660,"CB4208","CB4208_R",NA,"cb_intrinsic","R","acetylcholine","acetylcholine",NA,"LHAD1b2_a,LHAD1b2_c",NA,NA
180920,"KCab-s","KCab-s_R","Kenyon_Cell","cb_intrinsic","R","acetylcholine","dopamine",NA,"KCab",NA,"KCab-m,KCab-c,KCab-s"
173157,"KCab-m","KCab-m_R","Kenyon_Cell","cb_intrinsic","R","acetylcholine","dopamine",NA,"KCab",NA,"KCab-m,KCab-c,KCab-s"
139773,"CB3075","CB3075_R",NA,"cb_intrinsic","R","acetylcholine","acetylcholine",NA,"CB3075",NA,NA
114058,"CB2174","CB2174_R",NA,"cb_intrinsic","R","acetylcholine","acetylcholine",NA,"CB2174",NA,NA
71796,"CB2908","CB2908_R","ALLN","cb_intrinsic","R","acetylcholine","acetylcholine",NA,"CB2908",NA,NA
66543,"LHPV6a1","LHPV6a1_R",NA,"cb_intrinsic","R","acetylcholine","acetylcholine",NA,"LHPV6a1",NA,"LHPV6a1"
65316,"LHPV5h2_b","LHPV5h2_b_R",NA,"cb_intrinsic","R","acetylcholine","acetylcholine",NA,"CB3148",NA,"LHPV5h2"
65284,"CB1909","CB1909_R",NA,"cb_intrinsic","R","acetylcholine","acetylcholine",NA,"CB1909",NA,NA
61260,NA,NA,NA,"cb_intrinsic","R","glutamate","glutamate",NA,"CB2835,CB3123",NA,NA
59261,"KCg-m","KCg-m_R","Kenyon_Cell","cb_intrinsic","R","acetylcholine","dopamine",NA,"KCg-m",NA,"KCg-m"
58053,"LHPV5a2","LHPV5a2_R",NA,"cb_intrinsic","R","acetylcholine","acetylcholine",NA,"CB1656b",NA,"LHPV5a2"
50070,"CB2471","CB2471_R","ALLN","cb_intrinsic","R","unclear","unclear",NA,"CB2471",NA,NA
42104,"CB1527","CB1527_R",NA,"cb_intrinsic","R","gaba","gaba",NA,"CB1527",NA,NA
41227,"CB1201","CB1201_R",NA,"cb_intrinsic","R","acetylcholine","acetylcholine",NA,"CB1201",NA,NA
40761,"LHAV3g1","LHAV3g1_R",NA,"cb_intrinsic","R","glutamate","glutamate",NA,"LHAV3g1",NA,"LHAV3g1"
40542,"CB1503","CB1503_R",NA,"cb_intrinsic","R","glutamate","glutamate",NA,"CB1503",NA,NA
40486,"LHPD2a2","LHPD2a2_R",NA,"cb_intrinsic","R","acetylcholine","acetylcholine",NA,"CB3110",NA,"LHPD2a2"
37342,"CB2133","CB2133_R",NA,"cb_intrinsic","R","acetylcholine","acetylcholine",NA,"CB2133",NA,NA
36573,"CB1735","CB1735_R",NA,"cb_intrinsic","R","glutamate","glutamate",NA,"CB1735",NA,NA
33659,"LHAV2a3","LHAV2a3_R",NA,"cb_intrinsic","R","acetylcholine","acetylcholine",NA,"LHAV2a3c",NA,"LHAV2a3"
23991,"PVLP205m","PVLP205m_R",NA,"cb_intrinsic","R","acetylcholine","acetylcholine",NA,NA,NA,NA
21889,"LHAV3e3_a","LHAV3e3_a_R",NA,"cb_intrinsic","R","acetylcholine","acetylcholine",NA,"LHAV3e3a",NA,"LHAV3e3"
21790,"MB-C1","MB-C1_R",NA,"cb_intrinsic","R","gaba","gaba",NA,"MB-C1",NA,"MB-C1"
18824,"LHPD4d1","LHPD4d1_R",NA,"cb_intrinsic","R","glutamate","glutamate",NA,"LHPD4d1",NA,"LHPD4d1"
16513,"LHPV4j4","LHPV4j4_R",NA,"cb_intrinsic","R","glutamate","glutamate",NA,"LHPV4j4",NA,"LHPV4j4"
14510,"VA1v_adPN","VA1v_adPN_R","ALPN","cb_intrinsic","R","acetylcholine","acetylcholine",NA,"VA1v_adPN",NA,"VA1v_adPN"
13560,"M_lvPNm25","M_lvPNm25_R","ALPN","cb_intrinsic","R","acetylcholine","acetylcholine",NA,"M_lvPNm25",NA,"M_lvPNm25"
12667,"VA1v_adPN","VA1v_adPN_R","ALPN","cb_intrinsic","R","acetylcholine","acetylcholine",NA,"VA1v_adPN",NA,"VA1v_adPN"
10432,"LoVCLo3","LoVCLo3_L",NA,"visual_centrifugal","L","octopamine","octopamine",NA,"OA-AL2b1",NA,"PLP244"
10084,"DP1m_adPN","DP1m_adPN_R","ALPN","cb_intrinsic","R","acetylcholine","acetylcholine",NA,"DP1m_adPN",NA,"DP1m_adPN"
957072,NA,NA,NA,NA,NA,"unclear","unclear",NA,NA,NA,NA
579253,"v2LN42","v2LN42_R","ALLN","cb_intrinsic","R","glutamate","glutamate",NA,"v2LN42b,v2LN42c",NA,"v2LN42"
524278,"ORN_VA6","ORN_VA6_L","olfactory","cb_sensory",NA,"acetylcholine","acetylcholine",NA,"ORN_VA6",NA,"ORN_VA6"
514318,NA,NA,NA,NA,NA,"gaba","gaba",NA,NA,NA,NA
305307,"ORN_VA6","ORN_VA6_L","olfactory","cb_sensory",NA,"acetylcholine","acetylcholine",NA,"ORN_VA6",NA,"ORN_VA6"
167598,"LHPV5b1","LHPV5b1_R",NA,"cb_intrinsic","R","acetylcholine","acetylcholine",NA,"LHPV5b1",NA,"LHPV5b1"
152873,"PVLP205m","PVLP205m_R",NA,"cb_intrinsic","R","acetylcholine","acetylcholine",NA,NA,NA,NA
151494,NA,NA,NA,"cb_intrinsic","R","acetylcholine","acetylcholine",NA,"CB2011,CB2699",NA,NA
109100,"CB3045","CB3045_R",NA,"cb_intrinsic","R","glutamate","glutamate",NA,"CB3045",NA,"LHPV4b6,LHPV4b8"
94577,"LHPV6a9_b","LHPV6a9_b_R",NA,"cb_intrinsic","R","acetylcholine","acetylcholine",NA,"CB1737",NA,"LHPV6a9_b"
91123,"LHPV2b2_a","LHPV2b2_a_R",NA,"cb_intrinsic","R","gaba","gaba",NA,"CB1490,CB2201",NA,"LHPV2b2_a"
74276,"CB2892","CB2892_R",NA,"cb_intrinsic","R","acetylcholine","acetylcholine",NA,"CB2892",NA,NA
58810,"LHAV2c1","LHAV2c1_R",NA,"cb_intrinsic","R","acetylcholine","acetylcholine",NA,"CB2180",NA,"LHAV2c1"
58021,"CL151","CL151_R",NA,"cb_intrinsic","R","acetylcholine","acetylcholine",NA,"CL151",NA,"CL151"
56966,"LHAV4d5","LHAV4d5_R",NA,"cb_intrinsic","R","gaba","gaba",NA,"CB1401",NA,"LHAV4d5"
56411,"LHAV4e2_b1","LHAV4e2_b1_R",NA,"cb_intrinsic","R","gaba","gaba",NA,"CB2973,CB2965",NA,"LHAV4e2_b"
55874,"LHAD1d1","LHAD1d1_R",NA,"cb_intrinsic","R","acetylcholine","acetylcholine",NA,"LHAD1d1",NA,"LHAD1d1"
54307,"M_vPNml68","M_vPNml68_R","ALPN","cb_intrinsic","R","gaba","gaba",NA,"CB3457",NA,"M_vPNml68"
53456,"CB2480","CB2480_R",NA,"cb_intrinsic","R","gaba","gaba",NA,"CB2480",NA,NA
52780,"LHPV4a8","LHPV4a8_R",NA,"cb_intrinsic","R","glutamate","glutamate",NA,"LHPV4a8",NA,"LHPV4a8"
51982,"LHAV6a1","LHAV6a1_R",NA,"cb_intrinsic","R","acetylcholine","acetylcholine",NA,"LHAV6a1",NA,"LHAV6a1"
51489,"LHAV4a4","LHAV4a4_R",NA,"cb_intrinsic","R","gaba","glutamate",NA,"LHAV4a4",NA,"LHAV4a4"
49945,"LHPV4b5","LHPV4b5_R",NA,"cb_intrinsic","R","glutamate","glutamate",NA,"CB3047",NA,"LHPV4b5"
49937,"LHAV2b10","LHAV2b10_R",NA,"cb_intrinsic","R","acetylcholine","acetylcholine",NA,"LHAV2b10",NA,"LHAV2b10"
48231,"LHPV4b4","LHPV4b4_R",NA,"cb_intrinsic","R","glutamate","glutamate",NA,"CB1515",NA,"LHPV4b4"
47746,"LHPV5d1","LHPV5d1_R",NA,"cb_intrinsic","R","acetylcholine","acetylcholine",NA,"LHPV5d1",NA,"LHPV5d1"
47215,"CB1701","CB1701_R",NA,"cb_intrinsic","R","gaba","gaba",NA,"CB1701",NA,"LHAV4e5,LHAV4e2_a"
46449,"CB1201","CB1201_R",NA,"cb_intrinsic","R","acetylcholine","acetylcholine",NA,"CB1201",NA,NA
43867,"KCg-d","KCg-d_R","Kenyon_Cell","cb_intrinsic","R","acetylcholine","dopamine",NA,"KCg-d",NA,"KCg-d"
43799,"LHPV4b4","LHPV4b4_R",NA,"cb_intrinsic","R","glutamate","glutamate",NA,"CB1515",NA,"LHPV4b4"
40393,"LHAV2a3","LHAV2a3_R",NA,"cb_intrinsic","R","acetylcholine","acetylcholine",NA,"LHAV2a3c",NA,"LHAV2a3"
37705,"CB1804","CB1804_R",NA,"cb_intrinsic","R","acetylcholine","acetylcholine",NA,"CB1804",NA,NA
37018,"LHPV3a3_b","LHPV3a3_b_R",NA,"cb_intrinsic","R","acetylcholine","acetylcholine",NA,"CB0952",NA,"LHPV3a3_b"
34042,"LHAV2a5","LHAV2a5_R",NA,"cb_intrinsic","R","acetylcholine","acetylcholine",NA,"CB1354,CB2747",NA,"LHAV2a5"
32892,"LHAV2k1","LHAV2k1_R",NA,"cb_intrinsic","R","acetylcholine","acetylcholine",NA,"CB1437",NA,"LHAV2k1"
32890,"LHPV4b1","LHPV4b1_R",NA,"cb_intrinsic","R","glutamate","glutamate",NA,"LHPV4b1",NA,"LHPV4b1"
31211,"CB2522","CB2522_R",NA,"cb_intrinsic","R","acetylcholine","acetylcholine",NA,"CB2522",NA,"LHAV1b4,LHAV1c1"
30046,"CB2045","CB2045_R",NA,"cb_intrinsic","R","acetylcholine","acetylcholine",NA,"CB2045",NA,NA
29826,"VL2p_vPN","VL2p_vPN_R","ALPN","cb_intrinsic","R","gaba","gaba",NA,"VL2p_vPN",NA,"VL2p_vPN"
28968,"LHAV4e4","LHAV4e4_R",NA,"cb_intrinsic","R","unclear","glutamate",NA,"LHAV4e4",NA,"LHAV4e4"
28544,"LHAV2c1","LHAV2c1_R",NA,"cb_intrinsic","R","acetylcholine","acetylcholine",NA,"CB1183",NA,"LHAV2c1"
27161,"LHPD2a2","LHPD2a2_R",NA,"cb_intrinsic","R","acetylcholine","acetylcholine",NA,"CB3110",NA,"LHPD2a2"
26532,"CB0367","CB0367_R",NA,"cb_intrinsic","R","glutamate","glutamate",NA,"CB0367",NA,NA
22443,"LHAV2b3","LHAV2b3_R",NA,"cb_intrinsic","R","acetylcholine","acetylcholine",NA,"CB1182",NA,"LHAV2b3"
19781,"LH007m","LH007m_R",NA,"cb_intrinsic","R","gaba","gaba",NA,NA,NA,NA
19665,"CB2691","CB2691_R",NA,"cb_intrinsic","R","gaba","gaba",NA,"CB2691",NA,NA
19085,"pC1_1a","pC1_1a_R",NA,"cb_intrinsic","R","acetylcholine","acetylcholine",NA,NA,NA,NA
18328,"LH007m","LH007m_R",NA,"cb_intrinsic","R","gaba","gaba",NA,NA,NA,NA
18249,"LHAV2b5","LHAV2b5_R",NA,"cb_intrinsic","R","acetylcholine","acetylcholine",NA,"CB1843",NA,"LHAV2b5"
17573,"LHAV2k6","LHAV2k6_R",NA,"cb_intrinsic","R","acetylcholine","acetylcholine",NA,"LHAV2k6",NA,"LHAV2k6"
16029,"LHPV6c1","LHPV6c1_R",NA,"cb_intrinsic","R","acetylcholine","acetylcholine",NA,"LHPV6c1",NA,"LHPV6c1"
15864,"LHPV4j3","LHPV4j3_R",NA,"cb_intrinsic","R","glutamate","glutamate",NA,"LHPV4j3",NA,"LHPV4j3"
15244,"CL021","CL021_R",NA,"cb_intrinsic","R","acetylcholine","acetylcholine",NA,"CL021",NA,"CL021"
15122,"LHAV2g2_a","LHAV2g2_a_R",NA,"cb_intrinsic","R","acetylcholine","acetylcholine",NA,"LHAV2g2_a",NA,"LHAV2g2_a"
14687,"AVLP749m","AVLP749m_R",NA,"cb_intrinsic","R","acetylcholine","acetylcholine",NA,NA,NA,NA
14066,"LHAV3f1","LHAV3f1_R",NA,"cb_intrinsic","R","glutamate","glutamate",NA,"LHAV3f1",NA,"LHAV3f1"
13500,"LHAV2p1","LHAV2p1_R",NA,"cb_intrinsic","R","acetylcholine","acetylcholine",NA,"LHAV2p1",NA,"LHAV2p1"
13172,"VA1v_vPN","VA1v_vPN_R","ALPN","cb_intrinsic","R","gaba","gaba",NA,"VA1v_vPN",NA,"VA1v_vPN"
12765,"VA1v_vPN","VA1v_vPN_R","ALPN","cb_intrinsic","R","gaba","gaba",NA,"VA1v_vPN",NA,"VA1v_vPN"
11903,"LHPV3c1","LHPV3c1_R",NA,"cb_intrinsic","R","acetylcholine","acetylcholine",NA,"LHPV3c1",NA,"LHPV3c1"
11390,"VL1_ilPN","VL1_ilPN_R","ALPN","cb_intrinsic","R","acetylcholine","acetylcholine",NA,"VL1_ilPN",NA,"VL1_ilPN"
11369,"DNc01","DNc01_L",NA,"descending_neuron","L","unclear","unclear",NA,"DNc01","DNc01","SIFa"
563661,"ORN_VA6","ORN_VA6_R","olfactory","cb_sensory",NA,"acetylcholine","acetylcholine",NA,"ORN_VA6",NA,"ORN_VA6"
552293,NA,NA,NA,"cb_intrinsic","R","acetylcholine","acetylcholine",NA,"CB2011,CB2699",NA,NA
543002,"ORN_VA6","ORN_VA6_L","olfactory","cb_sensory",NA,"acetylcholine","acetylcholine",NA,"ORN_VA6",NA,"ORN_VA6"
535093,"ORN_VA6","ORN_VA6_unknown","olfactory","cb_sensory",NA,"acetylcholine","acetylcholine",NA,"ORN_VA6",NA,"ORN_VA6"
532967,"LHAV3g2","LHAV3g2_R",NA,"cb_intrinsic","R","acetylcholine","acetylcholine",NA,"LHAV3g2",NA,"LHAV3g2"
530791,"LHPV1c1","LHPV1c1_R",NA,"cb_intrinsic","R","acetylcholine","acetylcholine",NA,"LHPV1c1",NA,"LHPV1c1"
522828,"LHCENT3","LHCENT3_R",NA,"cb_intrinsic","R","gaba","gaba",NA,"LHCENT3",NA,"LHCENT3"
521108,"M_lv2PN9t49_b","M_lv2PN9t49_b_R","ALPN","cb_intrinsic","R","gaba","gaba",NA,"M_lv2PN9t49",NA,"M_lv2PN9t49"
294324,NA,NA,NA,NA,NA,"unclear","unclear",NA,NA,NA,NA
162673,"PVLP205m","PVLP205m_R",NA,"cb_intrinsic","R","acetylcholine","acetylcholine",NA,NA,NA,NA
139053,"KCg-m","KCg-m_R","Kenyon_Cell","cb_intrinsic","R","acetylcholine","dopamine",NA,"KCg-m",NA,"KCg-m"
136531,"KCg-m","KCg-m_R","Kenyon_Cell","cb_intrinsic","R","acetylcholine","dopamine",NA,"KCg-m",NA,"KCg-m"
120405,"LHPV5b2","LHPV5b2_R",NA,"cb_intrinsic","R","acetylcholine","acetylcholine",NA,"LHPV5b2",NA,"LHPV5b2"
119949,"CB1824","CB1824_R","ALLN","cb_intrinsic","R","gaba","gaba",NA,"CB1824",NA,NA
107386,"CB2908","CB2908_R","ALLN","cb_intrinsic","R","acetylcholine","acetylcholine",NA,"CB2908",NA,NA
107071,"LHPV2b3","LHPV2b3_R",NA,"cb_intrinsic","R","gaba","gaba",NA,"CB1363",NA,"LHPV2b3"
99925,"M_lvPNm41","M_lvPNm41_R","ALPN","cb_intrinsic","R","acetylcholine","acetylcholine",NA,"M_lvPNm41",NA,"M_lvPNm41"
95835,"M_vPNml75","M_vPNml75_R","ALPN","cb_intrinsic","R","gaba","gaba",NA,"M_vPNml75",NA,"M_vPNml75"
94043,"LHPV2b2_a","LHPV2b2_a_R",NA,"cb_intrinsic","R","gaba","gaba",NA,"CB1490,CB2201",NA,"LHPV2b2_a"
92869,"CB2148","CB2148_R",NA,"cb_intrinsic","R","acetylcholine","acetylcholine",NA,"CB2148",NA,NA
91828,"CB1359","CB1359_R",NA,"cb_intrinsic","R","glutamate","glutamate",NA,"CB1359",NA,NA
88703,"KCg-m","KCg-m_R","Kenyon_Cell","cb_intrinsic","R","acetylcholine","dopamine",NA,"KCg-m",NA,"KCg-m"
87958,"LHPV2b3","LHPV2b3_R",NA,"cb_intrinsic","R","gaba","gaba",NA,"CB1258",NA,"LHPV2b3"
87761,"LHAV5a2_a3","LHAV5a2_a3_R",NA,"cb_intrinsic","R","acetylcholine","acetylcholine",NA,"LHAV5a2_a3",NA,"LHAV5a2_a"
84239,"CB2693","CB2693_R",NA,"cb_intrinsic","R","acetylcholine","acetylcholine",NA,"CB2693",NA,NA
82397,"CB4208","CB4208_R",NA,"cb_intrinsic","R","acetylcholine","acetylcholine",NA,"LHAD1b2_a,LHAD1b2_c",NA,NA
82238,"LHPV2b1","LHPV2b1_R",NA,"cb_intrinsic","R","gaba","unclear",NA,"CB1067",NA,"LHPV2b1"
79670,"LHAD1b4","LHAD1b4_R",NA,"cb_intrinsic","R","acetylcholine","acetylcholine",NA,"LHAD1b4",NA,"LHAD1b4"
79476,"KCa'b'-ap1","KCa'b'-ap1_R","Kenyon_Cell","cb_intrinsic","R","acetylcholine","dopamine",NA,"KCapbp-ap1",NA,"KCa'b'-ap1"
77975,"KCg-m","KCg-m_R","Kenyon_Cell","cb_intrinsic","R","acetylcholine","dopamine",NA,"KCg-m",NA,"KCg-m"
77118,"CB3268","CB3268_R",NA,"cb_intrinsic","R","glutamate","glutamate",NA,"CB3268",NA,"SLP335,SLP336"
76394,"LHPV4b2","LHPV4b2_R",NA,"cb_intrinsic","R","glutamate","glutamate",NA,"LHPV4b2",NA,"LHPV4b2"
73504,"LHPV4a5","LHPV4a5_R",NA,"cb_intrinsic","R","glutamate","glutamate",NA,"CB2707",NA,"LHPV4a5"
73491,"LHAV4d4","LHAV4d4_R",NA,"cb_intrinsic","R","gaba","gaba",NA,"CB1293",NA,"LHAV4d4"
72153,"LHAV7a1_a","LHAV7a1_a_R",NA,"cb_intrinsic","R","glutamate","glutamate",NA,"LHAV7a1a",NA,"LHAV7a1_a"
71858,NA,NA,NA,"cb_intrinsic","R","unclear","unclear",NA,"CB2835,CB3123",NA,NA
68950,"LHPV5a2","LHPV5a2_R",NA,"cb_intrinsic","R","acetylcholine","acetylcholine",NA,"CB2524",NA,"LHPV5a2"
60292,"LHPV4b3","LHPV4b3_R",NA,"cb_intrinsic","R","glutamate","glutamate",NA,"LHPV4b3",NA,"LHPV4b3"
59670,NA,"41795_R",NA,"cb_intrinsic","R","acetylcholine","acetylcholine",NA,"CB0948,CB3284",NA,NA
59272,NA,NA,NA,"cb_intrinsic","R","unclear","unclear",NA,"CB2835,CB3123",NA,NA
59257,"LHPV4a8","LHPV4a8_R",NA,"cb_intrinsic","R","glutamate","glutamate",NA,"LHPV4a8",NA,"LHPV4a8"
57401,"CB1219","CB1219_R",NA,"cb_intrinsic","R","glutamate","glutamate",NA,"CB1219",NA,NA
56691,"CB2782","CB2782_R",NA,"cb_intrinsic","R","glutamate","glutamate",NA,"CB2782",NA,NA
56664,"CB2471","CB2471_R","ALLN","cb_intrinsic","R","unclear","unclear",NA,"CB2471",NA,NA
55393,"LHPV6d1","LHPV6d1_R",NA,"cb_intrinsic","R","acetylcholine","acetylcholine",NA,"LHPV6d1",NA,"LHPV6d1"
54723,"LHAV4a4","LHAV4a4_R",NA,"cb_intrinsic","R","gaba","unclear",NA,"LHAV4a4",NA,"LHAV4a4"
53813,"CB1577","CB1577_R",NA,"cb_intrinsic","R","glutamate","glutamate",NA,"CB1577",NA,NA
52465,"LHPV5a2","LHPV5a2_R",NA,"cb_intrinsic","R","acetylcholine","acetylcholine",NA,"CB1656a",NA,"LHPV5a2"
51750,"CB1619","CB1619_R",NA,"cb_intrinsic","R","gaba","gaba",NA,"CB1619",NA,NA
51735,"LHAV2c1","LHAV2c1_R",NA,"cb_intrinsic","R","acetylcholine","acetylcholine",NA,"CB2534",NA,"LHAV2c1"
50850,"v2LN47","v2LN47_R","ALLN","cb_intrinsic","R","glutamate","glutamate",NA,"v2LN47",NA,"v2LN47"
50252,"LHAV2h1","LHAV2h1_R",NA,"cb_intrinsic","R","acetylcholine","acetylcholine",NA,"CB2442",NA,"LHAV2h1"
50176,"LHAV4d1","LHAV4d1_R",NA,"cb_intrinsic","R","unclear","unclear",NA,"LHAV4d1",NA,"LHAV4d1"
49479,"LHAV4g1","LHAV4g1_R",NA,"cb_intrinsic","R","gaba","gaba",NA,"LHAV4g1a",NA,"LHAV4g1_a"
49376,"CB2906","CB2906_R",NA,"cb_intrinsic","R","gaba","unclear",NA,"CB2906",NA,NA
49291,"CB2851","CB2851_R",NA,"cb_intrinsic","R","gaba","gaba",NA,"CB2851",NA,NA
49102,"LHAV3b1","LHAV3b1_R",NA,"cb_intrinsic","R","acetylcholine","acetylcholine",NA,"CB0934",NA,"LHAV3b1"
49038,"LHAD1d1","LHAD1d1_R",NA,"cb_intrinsic","R","acetylcholine","acetylcholine",NA,"LHAD1d1",NA,"LHAD1d1"
48723,"LHAV4g7_a","LHAV4g7_a_R",NA,"cb_intrinsic","R","gaba","gaba",NA,"CB1217",NA,"LHAV4g7_a"
48521,"LHAV4d1","LHAV4d1_R",NA,"cb_intrinsic","R","unclear","gaba",NA,"CB1722",NA,"LHAV4d1"
48280,"CB2802","CB2802_R",NA,"cb_intrinsic","R","acetylcholine","acetylcholine",NA,"CB2802",NA,NA
46954,"LHPV4a7","LHPV4a7_R",NA,"cb_intrinsic","R","glutamate","glutamate",NA,"LHPV4a7a",NA,"LHPV4a7"
45811,"LHAD1f5","LHAD1f5_R",NA,"cb_intrinsic","R","acetylcholine","acetylcholine",NA,"LHAD1a3,LHAD1f5",NA,"LHAD1f5"
45636,"LHAD3a1","LHAD3a1_R",NA,"cb_intrinsic","R","acetylcholine","acetylcholine",NA,"CB2019",NA,"LHAD3a1"
44957,"LHPV4b3","LHPV4b3_R",NA,"cb_intrinsic","R","glutamate","glutamate",NA,"LHPV4b3",NA,"LHPV4b3"
44661,NA,NA,NA,"cb_intrinsic","R","acetylcholine","acetylcholine",NA,"CB3584,CB3592",NA,NA
44349,"LHAV3b1","LHAV3b1_R",NA,"cb_intrinsic","R","acetylcholine","acetylcholine",NA,"CB1665",NA,"LHAV3b1"
44000,"LHAV4a7","LHAV4a7_R",NA,"cb_intrinsic","R","gaba","gaba",NA,"CB1630,CB1860",NA,"LHAV4a7"
42981,"LHAV2a3","LHAV2a3_R",NA,"cb_intrinsic","R","acetylcholine","acetylcholine",NA,"LHAV2a3c",NA,"LHAV2a3"
42904,"CB2733","CB2733_R",NA,"cb_intrinsic","R","glutamate","glutamate",NA,"CB2733",NA,NA
42581,"LHPV4c1_c","LHPV4c1_c_R",NA,"cb_intrinsic","R","glutamate","glutamate",NA,"CB3555",NA,"LHPV4c1_c"
42463,"LHPV6d1","LHPV6d1_R",NA,"cb_intrinsic","R","acetylcholine","acetylcholine",NA,"LHPV6d1",NA,"LHPV6d1"
42430,"LHAV3a1_b","LHAV3a1_b_R",NA,"cb_intrinsic","R","acetylcholine","acetylcholine",NA,"LHAV3a1",NA,"LHAV3a1_b"
42373,"LHAV4g7_a","LHAV4g7_a_R",NA,"cb_intrinsic","R","gaba","gaba",NA,"CB1217",NA,"LHAV4g7_a"
41622,"CB1276","CB1276_R",NA,"cb_intrinsic","R","acetylcholine","acetylcholine",NA,"CB1276",NA,NA
41378,"KCg-m","KCg-m_R","Kenyon_Cell","cb_intrinsic","R","acetylcholine","dopamine",NA,"KCg-m",NA,"KCg-m"
41175,"LHPV6k1","LHPV6k1_R",NA,"cb_intrinsic","R","glutamate","glutamate",NA,"CB3290",NA,"LHPV6k1"
38587,"LHAV2b6","LHAV2b6_R",NA,"cb_intrinsic","R","acetylcholine","acetylcholine",NA,"LHAV2b6",NA,"LHAV2b6"
38333,"CB3240","CB3240_R",NA,"cb_intrinsic","R","acetylcholine","acetylcholine",NA,"CB3240",NA,NA
38060,NA,NA,NA,"cb_intrinsic","R","acetylcholine","acetylcholine",NA,"CB3584,CB1243",NA,NA
37951,"CB3728","CB3728_R",NA,"cb_intrinsic","R","gaba","gaba",NA,"CB3728",NA,NA
36144,"CB1448","CB1448_R",NA,"cb_intrinsic","R","acetylcholine","acetylcholine",NA,"CB1448",NA,NA
35878,"LHPV3a2","LHPV3a2_R",NA,"cb_intrinsic","R","acetylcholine","acetylcholine",NA,"LHPV3a2",NA,"LHPV3a2"
34430,"LHAV2a2","LHAV2a2_R",NA,"cb_intrinsic","R","acetylcholine","acetylcholine",NA,"CB0997",NA,"LHAV2a2"
34058,"CB3464","CB3464_R",NA,"cb_intrinsic","R","glutamate","glutamate",NA,"CB3464",NA,"SLP261,SLP262"
33691,"CB0947","CB0947_R",NA,"cb_intrinsic","R","acetylcholine","acetylcholine",NA,"CB0947",NA,NA
33672,"LHAV3b2_c","LHAV3b2_c_R",NA,"cb_intrinsic","R","acetylcholine","acetylcholine",NA,"CB1184a",NA,"LHAV3b2_c"
33646,"v2LN34C","v2LN34C_R","ALLN","cb_intrinsic","R","acetylcholine","acetylcholine",NA,"CB3633",NA,"v2LN34C"
33405,"v2LN34D","v2LN34D_R","ALLN","cb_intrinsic","R","glutamate","glutamate",NA,"CB1013",NA,"v2LN34D"
32872,"CB1513","CB1513_R",NA,"cb_intrinsic","R","acetylcholine","acetylcholine",NA,"CB1513",NA,NA
32752,"LHAV3e4_a","LHAV3e4_a_R",NA,"cb_intrinsic","R","acetylcholine","acetylcholine",NA,"CB1524",NA,"LHAV3e4_a"
31925,"v2LN34A","v2LN34A_R","ALLN","cb_intrinsic","R","glutamate","glutamate",NA,"CB2571b",NA,"v2LN34A"
31648,"CB2285","CB2285_R",NA,"cb_intrinsic","R","acetylcholine","acetylcholine",NA,"CB2285",NA,NA
31458,"CB2048","CB2048_R",NA,"cb_intrinsic","R","acetylcholine","acetylcholine",NA,"CB2048",NA,NA
29764,"CB4132","CB4132_R",NA,"cb_intrinsic","R","acetylcholine","acetylcholine",NA,"CB4132",NA,NA
29424,"CB2805","CB2805_R",NA,"cb_intrinsic","R","acetylcholine","acetylcholine",NA,"CB2805",NA,"LHAV2i5,LHAV2k3"
28691,"LHAV2g5","LHAV2g5_R",NA,"cb_intrinsic","R","acetylcholine","acetylcholine",NA,"LHAV2g5",NA,"LHAV2g5"
28644,"LHAV2k12_b","LHAV2k12_b_R",NA,"cb_intrinsic","R","acetylcholine","acetylcholine",NA,"CB1113",NA,"LHAV2k12_b"
28380,"CB2596","CB2596_R",NA,"cb_intrinsic","R","acetylcholine","acetylcholine",NA,"CB2596",NA,NA
28223,"LHPV3a2","LHPV3a2_R",NA,"cb_intrinsic","R","acetylcholine","acetylcholine",NA,"LHPV3a2",NA,"LHPV3a2"
28016,"CB4132","CB4132_R",NA,"cb_intrinsic","R","acetylcholine","acetylcholine",NA,"CB4132",NA,NA
27995,"CB2048","CB2048_R",NA,"cb_intrinsic","R","acetylcholine","acetylcholine",NA,"CB2048",NA,NA
27931,"CB1104","CB1104_R",NA,"cb_intrinsic","R","acetylcholine","acetylcholine",NA,"CB1104",NA,NA
26974,"LHAD3d4","LHAD3d4_R",NA,"cb_intrinsic","R","acetylcholine","acetylcholine",NA,"LHAD3d4",NA,"LHAD3d4"
26551,"M_vPNml51","M_vPNml51_R","ALPN","cb_intrinsic","R","gaba","gaba",NA,"M_vPNml51,CB3597",NA,"M_vPNml51"
26294,"LHAV2b2_b","LHAV2b2_b_R",NA,"cb_intrinsic","R","acetylcholine","acetylcholine",NA,"LHAV2b2a",NA,"LHAV2b2_b"
26020,"LHAD2e1","LHAD2e1_R",NA,"cb_intrinsic","R","acetylcholine","acetylcholine",NA,"LHAD2e1",NA,"LHAD2e1"
25448,"CB0947","CB0947_R",NA,"cb_intrinsic","R","acetylcholine","acetylcholine",NA,"CB0947",NA,NA
25439,"LHPV4h3","LHPV4h3_R",NA,"cb_intrinsic","R","glutamate","glutamate",NA,"LHPV4h3",NA,"LHPV4h3"
25416,"LHAV1a3","LHAV1a3_R",NA,"cb_intrinsic","R","acetylcholine","acetylcholine",NA,"LHAV1a3",NA,"LHAV1a3"
25345,"pC1_9b","pC1_9b_R",NA,"cb_intrinsic","R","acetylcholine","acetylcholine",NA,NA,NA,NA
24317,"CB3869","CB3869_R",NA,"cb_intrinsic","R","acetylcholine","acetylcholine",NA,"CB3869",NA,NA
24060,"AVLP743m","AVLP743m_R",NA,"cb_intrinsic","R","unclear","unclear",NA,NA,NA,NA
24006,"CB1655","CB1655_R",NA,"cb_intrinsic","R","acetylcholine","acetylcholine",NA,"CB1655",NA,NA
